Helicangiospora	000003f3-8194-5d75-8dd9-22e632fb8089
Lucidomphrale	00002e38-b926-56da-bde2-f09e775cde1f
Macrauchenopsis	000044d6-07ae-5596-a0be-e455b2787707
Lindbergichthys	0000453b-13ed-51e3-afcd-f4caafb36292
Aurota	0000457f-7cdc-5902-a39b-6d7e28144b44
Bucklandiopsis	0000620a-b66c-5b7f-ac4d-22858ee1cf5a
Ancylocera	000064d7-3840-5166-b316-2122adbc6255
Neckera	00006560-1e1e-555d-a62d-b60a98fdd8b5
Cryptopodia	00006560-1e1e-555d-a62d-b60a98fdd8b5
Triakis	000065ea-d9cc-5dbd-b54f-42910b32131d
Amphoroceras	00006d0a-2fba-57d7-b446-cb1bd394d403
Polynemus	00006ea8-0366-5ad4-9d8d-60ffbdbce8b6
Micantapex	00007559-fde2-59b0-a0c8-f70cb57146fe
Passaliolla	000075ee-84ff-5a99-b2ed-c43d63065c79
Siphovasum	000079b9-b042-57c7-8bbe-05cbd6eee0f0
Acantoodoris	0000830c-0065-5797-95d1-9898345dc56e
Naemosphaera	000098e8-5b93-5e01-8d2b-4a3aa7658673
Tachyphyle	0000a222-a131-5778-adde-1bfbdbe8d9ea
Appendicia	0000aff2-af6d-5d8e-9a54-0331ce2533be
Anteon	0000b280-ffdf-5e04-a0a3-1e1b4eae3e73
Stylostrotion	0000bd46-89ea-52ce-93ba-81cdaec959f9
Ilexpollenites	0000c389-a903-505f-be7b-96e76c92d37a
Onychosepalum	0000d2ec-f4c9-5b11-9993-1ed1e3d014c8
Mauka	0000da3b-97f7-5539-a74c-b466ab2240aa
Centhostecoideae	0000dbfa-c887-519e-9850-ac1e1f34d216
Astrocystis	0000e389-52f4-5dc6-99d2-b143dd457426
Mniobryum	0000edbc-89c7-51f3-9993-6e99e5f28fb0
Atkinsonianus	0000fba2-8661-507e-ac35-bf36c2cc685b
Nanometra	0001017e-e35a-5159-b692-af1f189fd55b
Ocydromiinae	000109ce-250f-56f7-b768-6026bea10723
Rugosofusulinidae	0001149c-7fe9-5db2-9dc5-2ee59f883738
Cystoopsoidea	00011b35-4fca-59b3-ad7e-2946c9d0612b
Hornstedia	00011d76-e733-51c9-a61f-022e05335f47
Lyroporinae	0001386b-544f-582c-a365-e143455b7084
Gnaphalium	000142be-94ce-5f75-a9d6-0c0861f93317
Gamochaeta	000142be-94ce-5f75-a9d6-0c0861f93317
Ornithinibacillus	000142fd-60fd-5369-b076-3ddd76d3e58f
Ctenodrapetis	000145ad-859b-56f5-8248-5c7bf7aacda9
Pseudozosterops	00014bc5-06e8-5d8e-8cfb-9abbfc7df144
Cystophorini	0001598a-0746-54b6-a18d-37a0b3f1678f
Sybbombylius	00016147-2380-5a28-a82f-f69be44dff33
Scourfieldiales	00016287-7b3c-5910-82b1-5ffd10ab8de1
Histionotus	00016a47-29cd-5968-afbb-ce3428fa705e
Boloria	00016cc9-b19e-5a96-82af-d074268c2f43
Paradella	00017180-b86f-579e-8558-73e456f7f3a4
Longipedisymbia	000177f8-38dd-5219-9692-3b9e4336763b
Foquiera	00017d17-9b32-5b19-becb-4656e0efa2d2
Ceratoceramus	00018428-72a7-5529-a286-ad691a4ac176
Ctenodillo	000196e8-2dfd-5379-bcd0-2982da51bebd
Ihleia	00019df8-826f-5949-9535-b955f355e3fb
Thaumacecidomyia	0001bc40-093c-5dba-a869-962328c25308
Gantesia	0001c884-72de-5ce2-a092-a102bbf3d29a
Ammodytoides	0001ce29-6c4c-5215-bfc7-6f1e890ac6ab
Paraphycus	0001d45d-8c4d-52fc-b643-e2fa6997c470
Coelosis	0001d82a-0ee8-54b1-a7a9-f43befac64e1
Millotsis	0001d82a-0ee8-54b1-a7a9-f43befac64e1
Sathroptera	0001e293-ab22-5e43-87e0-eb6a5ba24a98
Thaumastocerinae	0001e329-8ac4-5fb0-97f0-af2d4f0ce516
Pattalinus	0001e4b5-87db-5aa0-b981-218f25d49c59
Thermutopsis	0001ea27-9846-50b5-a817-9ae0bb6b1916
Paradrepanuroides	0001eb69-0f64-5d25-9335-0d4fa5dd54a5
Raphididae	0001f1c6-e5e9-57e0-8102-0df1381ab93e
Pyrenomonas	0001fa56-f447-5cb7-8529-c09d4d20cae4
Lepidolejeunea	0001fabc-6847-5b41-92ad-51f7511d2375
Oleroscelis	000203fa-10d1-5cfc-b84e-db15578e5ec8
Apicophorus	000206fe-00ed-56d1-ba77-121f02797888
Kulyisporites	00020d82-933f-570f-b514-b282f71046e0
Telamonocarcininae	000210b3-dfb8-58bf-8f14-4a6476a4761c
Athyma	00021b25-e305-56d4-9ba3-4b1b2f3cd446
Lophiotherium	0002217e-7b6e-5924-ba18-31ceb8ffd81f
Flemingitidina	00022479-37ed-550e-bcf1-227fce8d64e5
Homaliodendron	00022fc0-a99f-5d66-877e-f173205ece3e
Angianthus	000236b9-2dd5-52f7-85cc-01231e944b3f
Saumuria	00023eac-6584-572c-a6f0-014ef688f3de
Quadripaludis	00024223-1f3a-5a9b-85c0-8aca07be61d5
Eleagnaceae	00024ba4-9625-5d7c-9866-bee17ccb73a8
Pseudhelops	00024c99-77d9-5925-af84-6cecde3b52da
Afrotheria	00024d44-bc87-5cf8-a21c-7c9b09fb5d28
Brachicyon	0002526e-f714-5bc7-9fc4-91c823c1c8d9
Mylothris	00025e1b-2abe-585c-b752-5903ae032929
Fibrobacteres	00026087-718e-5616-97f2-9e3780ff3f7c
Archileptocera	000266d4-487e-525a-a516-5a4d12ebccfe
Palaeoceroptera	000266d4-487e-525a-a516-5a4d12ebccfe
Pleromella	00026748-e801-5968-8d05-54bbe318cce4
Sirotrema	00027b3b-5219-504f-8b0c-5bb1d3f28bde
Mycophycophila	00027d81-a758-5c15-889b-9352feecab8c
Neteliodes	00027f9b-7b9a-55f7-9654-60d866c7f67e
Hormopetalum	0002889b-b483-5ea0-9c1a-7fd6f5d1c2d2
Neolinyphia	00028e3f-ff69-5a56-8023-f942b9c1ef22
Cinaedium	00029493-4794-5a23-a50c-79cf017e5c77
Sphaerantia	000295dc-b7f5-5ffc-a1df-467f6a8c5233
Dupontiella	0002a3d4-be83-5a9f-8a66-1cc965bc361f
Congopanchax	0002a848-592b-5504-80cf-d6971f6cbff2
Agallissus	0002ac86-4c80-5f94-b3f9-18a4dd67a5ba
Platypterinus	0002b011-1aa0-5699-a0af-2cb84f7d86aa
Zuberia	0002b7f8-361a-5b98-b6f1-929b92953dc7
Lycopodium	0002bbe5-2dc4-57c5-9ed2-0120066c3734
Lycopodiastrum	0002bbe5-2dc4-57c5-9ed2-0120066c3734
Hadrorakos	0002c23d-3022-52d6-b52f-282f149d4534
Raphidocelis	0002c286-074d-5af9-ae40-7b9fad9741c0
Thrasymemnon	0002c67f-a467-5038-8a37-1a39408eb008
Heritiera	0002cf74-dc02-5337-b861-5818397ffab8
Bharatalbia	0002d08c-760f-53a6-bf46-705914f509f5
Bharatalbiella	0002d08c-760f-53a6-bf46-705914f509f5
Protoptychopyge	0002d290-150f-5133-acf7-e60c3da75a7c
Recepoecilia	0002d3ef-eabd-5a3e-aca6-1254e0b66855
Calypsoeae	0002dcc2-bec5-5151-a3d5-731bbc262bf2
Lepisosteus	0002e41c-2e14-58cf-8f65-f55bfa13cddf
Alogolykinae	0002e4d8-a4e7-50d4-82a5-c47d4d00f7f7
Aconitum	0002f2b4-0b2a-5675-ba22-63518f865473
Ambigua	0002f2b4-0b2a-5675-ba22-63518f865473
Ancistrocladus	0002f586-d58f-53e1-a66d-c3cbc67199de
Perezina	0002fd59-1c13-5385-8a36-6493a8bbb019
Chrysolina	00030213-5a9a-5537-a839-2c0954b53b09
Ovosoma	00030213-5a9a-5537-a839-2c0954b53b09
Serpentes	0003078d-8092-5eb6-8c87-91b5ad59ed31
Pipettaria	0003094d-8de8-51ed-91d5-870f6e318641
Enipeus	00030d92-4070-5506-bea2-2bfe380dd352
Praearchirolithus	00030fec-9ee8-5060-a2ff-1b562749ab0b
Indabracon	00031019-2ca0-5d22-bafa-517b9e072263
Galenocaris	000310bc-4ed6-555d-992c-915326480876
Zygaenodes	00031666-7864-5310-a125-6c5df47276ba
Wyattia	00031a46-a95d-55e3-a3b6-8877c6cf6aa2
Exotrocha	00031c0c-cdda-511d-a9f0-a10004f5694d
Aeschremon	00034213-0c44-581e-88f4-7552d573074a
Stenophragma	00034646-988b-5ad6-8990-f9917c422c75
Squalus	00034f66-7106-5c14-a7ac-3ab9e2c2ce04
Acrohyaenodon	00035e5e-2ae5-55cd-b215-064b119cf759
Paracyliosoma	000367ae-023a-5d1a-9e89-2ea89d0de247
Conogabbia	000367ba-3422-5a9e-9c48-135ba1db84cc
Meracantha	000369c6-8dbb-5c57-b0f0-b5c97878b09a
Myrmidonia	00036a1b-7837-57e1-b51c-3bb107991b10
Cornuproetus	00036b48-c0ae-55a6-964f-40dfd3deabed
Xenomyces	00037d6e-4b75-5cdb-b233-13f7577d549f
Carinitermus	00037f83-be65-501b-8804-f8cbec1def34
Buckellacris	000380b7-df4e-5718-ac32-134b6ef4a46f
Phragmidiites	00038f33-b4d2-5f90-b0b2-306fd4400117
Cebugale	00039a01-e53f-5a9a-97ae-bdb6d963f060
Koinocystis	00039d09-ce86-5535-b0f5-5df14d074c92
Pseudorhineura	0003a61a-1da7-5775-b5ac-11e98171be0b
Psylloidea	0003aafd-2b0e-543d-9832-f0ee2a74414a
Amedea	0003b18f-8ee1-5422-89c9-9a44f6122a10
Tricolporocolumellites	0003b7bb-7f78-5d61-a49e-0bdf1d94bce4
Parippodamia	0003bdec-51d5-5dc1-860b-aeb8d83ca27d
Systellura	0003cae6-89ac-51c4-802c-9e73d562057e
Palaeotextulariacea	0003d141-e7e9-5d2f-bc38-5b8274c009ce
Cecropiaceae	0003d448-06b8-5cce-a549-aaf2f651dc3c
Platypria	0003d495-1cbf-5be6-a011-f8ecf1e3f2ab
Canariella	0003d84a-6319-537d-8a65-1621783a9160
Alvaradoa	0003d84a-6319-537d-8a65-1621783a9160
Araripelepidotes	0003dc7a-5799-5318-ba14-ba8acfc2c3f2
Conjugate	0003e4c0-876d-5f4c-9bed-a859d21fdabd
Iris	0003ef17-4282-51bb-9d86-f24169ad4021
Pallidae	0003ef17-4282-51bb-9d86-f24169ad4021
Aphaenopidius	0003f7f9-b439-5b82-b591-c5537bba8d11
Phymatophryne	0003fdc5-a138-5bd1-8548-b74fbf81d8dc
Lonchophorus	000415b3-456a-5ac3-8761-f5da32ede243
Scytalis	000419f8-d3a0-59e7-a0f3-87d8d235ef22
Catiang	000419f8-d3a0-59e7-a0f3-87d8d235ef22
Endecapleura	00042132-850e-5760-aaaa-d1a60ff03598
Asichaerota	00043930-10e7-52ad-bbc8-c8d96cc3f15b
Properigea	00043932-d5c9-57de-9579-2190ca2663f9
Siphidia	00043c8e-6e86-5fa2-96bb-9157d1e9016c
Trimarginites	00043e1f-c633-51f5-9033-85ca18611063
Pabstiella	00044284-9400-5694-b568-e63818d7b3f1
Aspasia	00044751-76dc-59f4-9d0f-c2197bb984cd
Pharetrophora	00044b51-cd41-50f5-a0d5-9517a70b4eb0
Epiphyllum	00045286-18d6-5d46-acfc-5509d557bf94
Barrowgammarus	00045874-440b-5e18-a87a-454686187a4a
Aleochara	000459fa-aac1-5adb-91a6-643e2b670515
Aleochara	000459fa-aac1-5adb-91a6-643e2b670515
Ronania	00045bcc-3c59-5367-a3b7-d51461160984
Luposicya	00046477-20b4-59d8-bc4c-bb2d81b9086a
Niphargidae	0004653e-5128-54dc-ae05-8c1ab894826c
Arnopogon	00046807-d6fd-5c29-b1d3-fee5c203237e
Akatastopsisini	000473ca-4556-5e3f-9d86-436f46f186fc
Cactaceae	000474c1-667f-5a61-b21a-f742449065c8
Nyctocephalocereus	000474c1-667f-5a61-b21a-f742449065c8
Hooleya	000483f9-10e7-5dd7-9853-d9906e90beb5
Leucohimation	00048636-8402-555d-a5f2-02a64071f6f4
Lindia	00049095-905e-5043-93f9-693b0182dd67
Neaplax	000490e2-da8b-5b92-bca6-199ce6cb5071
Chlamidomonas	00049cba-9d01-5e62-ab70-ac35c48eed40
Cycloes	0004b3a8-97ce-54f9-b88b-ddb6efbeb352
Ancistrocarya	0004b7db-50d6-5b5e-b573-055c1d44d08d
Neopiciella	0004b7e8-d267-5cfe-b8a8-6ce25b88b09f
Schiedeella	0004b952-ad26-5992-9bb9-5b6030e4cda6
Eriophora	0004b952-ad26-5992-9bb9-5b6030e4cda6
Embrik-strandia	0004ba25-8482-5d23-a775-6d30ac5bc230
Periclemenes	0004d96b-5f4a-5013-b37b-743feb6fe0ea
Mimomacrochia	0004db4c-23c9-5e87-8458-2ed1a42743bd
Latinolister	0004dbd2-2583-50ab-9400-99d145e5e038
Aithriocrinus	0004e44f-c178-5d1f-8ea3-31fce1376b55
Butseloglis	0004f3b9-9b15-5655-980e-c47e628afe78
Amarygmus	0004fb53-ea6f-597b-a205-9240b36c9308
Cerysia	0004fb53-ea6f-597b-a205-9240b36c9308
Scarabaeus	00050632-e753-50de-be39-699e34a499ca
Mesoscarabaeus	00050632-e753-50de-be39-699e34a499ca
Eucapnopsis	000510db-249d-51a2-9759-264ddcc2e7f2
Ovtsharenkoia	00052998-f3b6-50ea-873b-43d2cbf6c279
Metadinychus	00052de2-1696-583a-8e11-9733bdf3df1d
Ectopleura	00053188-4c6c-57a4-9a91-a22f20eda561
Dictyonia	00053930-0dfb-5ca4-a4c6-fc80db8516cb
Pratylenchinae	00054a0f-5ffa-556f-8e6a-ed203557f2b5
Xiphophyllum	000551e2-b061-53ab-9373-2ba0335e1243
Typhloligidium	00055777-3114-5d8d-bf62-91e0106d0252
Grandiungus	00055a2d-2d31-52e3-aaa1-6dda26fc8667
Rhaphidorhynchus	00055bee-851d-5c5b-a466-1b4ecc831db2
Anaphorus	0005610b-8b4d-5d36-87de-6c09ab9d3e59
Polygala	0005618d-d7b4-5b8e-a701-58ea2a21383c
Biloba	0005618d-d7b4-5b8e-a701-58ea2a21383c
Pteronarcys	000565b0-36a5-525a-9a50-e62bcad32089
Ampullina	00056798-05aa-5ee2-b09a-babdf343136d
Pseudamaura	00056798-05aa-5ee2-b09a-babdf343136d
Wahlbergiana	0005718a-2104-5145-8806-026295098e09
Aulacophora	00057ea3-cae0-5f9b-99f1-4050d3e0da24
Oospiroidesini	00058040-d3d6-5150-aba3-ea4a9dfbc8a6
Unicellula	00058424-01a7-5e48-9d1b-51dd89ff8efb
Acrocubus	0005846b-9b43-5705-bbd5-4bd29c1ad401
Systellorhynchus	0005879b-4be9-5b3a-91b6-09f1de7176c8
Foudrasia	00058f01-cce3-5728-b9a1-035c42ecd0f0
Allomyella	0005a74c-cea8-53ca-a11f-ea664c3a96d7
Diaprepota	0005aa72-6a13-5156-a32f-792e4a339fc7
Temminckia	0005abd4-457f-5ab6-bb63-c4d3ce3354f1
Magiriopsis	0005b327-aa50-5dea-974c-b0bbc67afe75
Microtitanethes	0005bb11-4972-5394-ab7b-7a9ad8490d83
Cricetodipus	0005c597-e304-57e1-8a83-640a90b28030
Cuspicorbula	0005cf60-7923-5857-87be-5c006f6b0ee5
Arrugia	0005de4e-358e-5b8d-b2f7-cafee0e96268
Tricharrhen	0005de54-9b97-5483-afad-4554bbd6a325
Confusastroea	0005de8a-cbbc-5b91-84f1-5b4efcd4953c
Cladognathodus	0005dfff-7bd9-5f26-b782-4bafdf67744e
Aporochia	0005e19c-a644-5b67-88d3-3f8d3716c396
Rhamnaceae	0005e2a5-8b63-51a3-ae1e-60bb1a621023
Centrogenysidae	0005e77d-c94d-5132-b877-98c498c1b69a
Angonyx	0005ef4c-b2fa-5856-b187-1e213b0fae8c
Kunmingelloides	0006050c-f108-5bc2-a237-3dc51fccb7ce
Linnaea	0006084a-b882-56e8-9e39-2d406a1fd476
Abelia	0006084a-b882-56e8-9e39-2d406a1fd476
Timandrina	00060bd3-13cb-5b8c-980c-8608e052ba29
Trinephrus	00061f79-1942-5caf-b58d-b94c1c6dfe01
Asiodiplosis	00061ff0-80ca-561c-833e-2d67e67df1f2
Pseudorhinogobius	000642fe-e251-56d1-9e26-f85ea586008d
Trochomorpha	000644f3-78e1-5c17-b0a6-078ecbb456b6
Albers	000644f3-78e1-5c17-b0a6-078ecbb456b6
Fiedleria	00064896-afb2-547d-a3de-27d88a5ff4bd
Eospasta	000649fe-8468-5e66-a25b-9862e46b0062
Paracylindromorphus	00064af5-e59c-59b3-80d4-a3be9f269f68
Yumbera	00065e9f-1031-5700-9220-f9f5577394af
Guineapolemius	0006612c-903d-5edf-b1d2-ae6571a241d2
Sittella	000661d0-2b3f-5a81-b003-3756b097ac56
Allosomus	0006708e-0d64-5c43-92c6-b25627961c9d
Hydrarctos	000673b4-6362-592b-940a-38bd00eb9c0a
Calamoncosis	000674b4-1eca-5199-9ad2-0a6dede63410
Calamoncosis	000674b4-1eca-5199-9ad2-0a6dede63410
Succinopatopsidae	000683f1-aa99-57a5-8ee7-a8094ca520c5
Fluviana	00068b07-617a-585e-93df-ff12276755f8
Troxochrus	00068baa-72de-51ae-aec1-256b72016383
Neocribellatae	000696a1-de8b-505e-bcd2-d8d5a40443e6
Pseudlepista	0006ac37-d1fa-5f8a-9ecd-df9baf282e8d
Tadschikia	0006b30b-fe31-52a5-9754-922a8bcee752
Zonotriche	0006b976-6eff-5539-9a9c-2f3fa226a9f1
Rhamphiocera	0006bf6a-d34e-542a-b1c8-33a52baad00b
Draegithus	0006c7ad-6eee-5b9b-b2b1-c465db2242cb
Nelites	0006d592-40a2-5633-988f-0e01d1984d2e
Platyphyllum	0006d68b-897d-5178-a687-0a0958ca1f21
Androtanais	0006d876-86ad-5e3b-bb05-95e2f2155c5f
Moshajia	0006db80-7d45-5481-90b7-6280d413c35c
Caloncoba	0006e2ef-d783-5467-9435-7107c3269cac
Muansa	0006e84e-e16b-566b-9dce-dc788cee236a
Gonyaulax	0006ea1a-59c0-5dc6-ad84-051c0386a706
Gonyaulax	0006ea1a-59c0-5dc6-ad84-051c0386a706
Clanis	0007073d-180c-5ff3-bff2-47284a1d0033
Alytus	00070ab4-3548-5d1f-b323-0ee25bf0fcbf
Macarocosma	00070b57-0978-5213-b82b-3917b7691b24
Cymbalariella	000710eb-836e-5851-bcac-4631d0672da2
Spinipegasus	00071cf2-e179-54cc-bb9c-67d9050e129a
Tetrernia	000729d5-7ddf-5048-b8b1-db22c3cd5667
Promarathonites	00072cd9-a0fb-5509-8bf4-475f266b4040
Erinna	000730a5-69ff-5164-b011-2056b97a4d19
Psychistrus	000735da-ca3f-5778-8cc2-48597a1c0181
Rigiostachys	00073c32-7d0f-57a6-b7c8-ddb8cdf48566
Esbelta	00073f8c-41c7-539c-a676-b5e0edbe389d
Evgoa	00074101-aaa9-5ef3-b27a-073a275bea5d
Sessilistigma	00074660-5b4c-5416-9a1f-09e97ee0e362
Leptelytron	00074bf9-022e-5176-a238-91bf8dfcb154
Loma	00074f28-b761-5fa9-99fd-39d7a7cc4181
Chorizopes	0007540e-7a52-506c-8965-e752c98de9f6
Spratellomorpha	00075a9a-5921-5032-ab63-12dd8575d2d4
Kurnaina	00076149-62a6-553a-9efe-7e7cf8445a2a
Pumilio	0007689d-d4e2-5bff-99ef-273926ae8413
Paronesimus	00076902-fb88-59e2-8f1d-c5a67bb505a7
Coelopleurus	00076b55-17b1-5da9-ba1b-b97c464997bd
Rhetinophloeum	00078ef3-26d9-5aba-b238-f1298b04ed6b
Nossibea	0007a6c2-6c55-540b-a71d-ce6eddb3b293
Labrocerus	0007afbf-04dd-55f2-b978-2e543dec5f8c
Asterigeron	0007bd05-0864-5553-8653-c4ecd3a73ea7
Jurapteryx	0007bec9-e776-5707-830c-7099c5f4c6ad
Holacanthus	0007cd9f-a9a4-5e8b-805f-d35c7232d836
Apolemichthys	0007cd9f-a9a4-5e8b-805f-d35c7232d836
Chalceodemus	0007d721-6b3e-52b1-b023-e6a5346e8eb6
Rohaultia	0007e0d1-2223-5413-bdf9-7361969b68a1
Eustrotiopis	0007e1ad-78f4-51b0-b3f6-aa2366506e1c
Eutainia	0007e531-a909-5c44-9630-dd3a5081c282
Lepmlina	0007ea4e-d410-54de-b828-f80c46442681
Tanagrina	0007ee3b-eae8-5288-af43-19021dc09291
Parastropecten	0007f243-c946-5480-ad38-a21103e6b6fd
Microcharon	0007f3d2-d4f2-5bda-99d6-77cc3e20152e
Cylindronotus	0007f5bf-009e-5c52-baba-d1f58e19382a
Ocrepeira	000800d9-4c11-5e40-812d-48df976685a7
Entosiphon	000807f5-3a32-5a35-a4ba-c93a2087601b
Marteliella	00080b1a-565c-50f0-97b9-c91d67f9d7f7
Sagocoris	000816a9-3af9-5c7b-9d47-8aba24991368
Xola	000825e4-7b42-5ea2-9750-057ad8c43566
Plesiadapiformes	000826ab-c925-5bed-8538-d78cb6a99a2c
Littocottus	00082842-30de-5688-b0c6-06201fa3015d
Thryocephalon	0008331d-f2fb-5de2-a1ca-c427baf2281e
Pelopia	00083e28-05e0-5997-825a-95e22d55026f
Janella	00083e39-1354-5fa7-9180-0592943df21f
Gray	00083e39-1354-5fa7-9180-0592943df21f
Cyrtophyllus	000841dd-3cbe-5108-a020-b000046792d7
Hypoponera	00084611-3bad-5609-af7d-5bee994049e7
Atilia	00084789-24e4-5837-9c19-f91a54a88e20
Brachycythere	00085155-60b7-55d4-96bd-d43009d837d3
Tevniidae	00085777-7e10-58ef-8a8f-c64c11dd16fa
Cretohexura	00085edd-b7e1-5380-ac3c-ef0cd8b6db58
Lithobius	0008602f-268e-545c-95d3-be0974cb8a0a
Maticobius	0008602f-268e-545c-95d3-be0974cb8a0a
Legitimocythere	00086691-cb18-5f4c-b882-cdebdfe69057
Crumomyia	000870f5-2f77-5985-a70f-3735bdb19034
Furcilla	00087578-6d8f-51ee-9def-7647c68fa0a8
Stictoenas	00087923-9966-5d17-8231-25dc8817ce25
Zametopias	00087a45-2e61-5a77-898f-15de404da231
Poa	00087d28-790e-5407-88e0-ad41c6235f3e
Ochlopoa	00087d28-790e-5407-88e0-ad41c6235f3e
Eoempheria	0008863c-e3f0-5d05-aa1e-1fbd389aaaa9
Liasidium	000887a0-eedc-5d86-afd5-840541bd218a
Cycniopsis	00088a07-f8a8-5575-bf52-57e542c908d7
Philipota	00088aac-e070-5fbb-a109-f781aac3c11e
Cockerelliella	00089c08-d70c-5ce0-9d0f-e72e9f7dd4a6
Diductius	0008a0ee-8d60-57db-ac13-da4ba55b2e61
Maideria	0008a275-b120-56ea-acec-cc72e3049ca1
Paraneophasis	0008a515-2986-5ff5-b316-f9eae98728a4
Trechyozus	0008ae8b-d9ab-54e8-8436-c4b6321d6ed2
Zelandanura	0008b62a-3146-5f21-987d-037ac89e8f58
Lamprotis	0008bc05-5ae2-59d4-a8fc-79884c444d54
Bergerocactus	0008bda2-6b12-5074-9d38-13212c3e8327
Ludius	0008bfb1-c78f-58b2-94c5-d3fbaffb32fd
Ludius	0008bfb1-c78f-58b2-94c5-d3fbaffb32fd
Stygmochroea	0008c7e4-be12-590a-ae57-6d051529342a
Calvoppia	0008ca22-37b9-5de3-bff0-3bc19a49d977
Normandina	0008ce3b-0d93-523b-8a30-67dffe31baa6
Xiphochaeta	0008d4ba-74f9-567d-b23b-e4d2f13ba906
Tarphyderma	0008d7a1-2b69-5eac-84f6-935e60e2dba3
Gyrinomene	0008da14-14c4-511e-a490-0f8f141edbed
Coremia	0008ea9d-36b4-5d25-bddb-f5ca21b9afd9
Moschosma	0008f2ee-8425-5211-9401-95b4f8b734e5
Hemiphlebioidea	0008f76f-6b90-5df9-ae25-f458cd9249b6
Chrysoxena	0008fc0a-e14f-59fa-805c-8d03803b4ed4
Matthewlenus	0008fd8f-a32f-5498-9ed5-130926498b17
Setaria	0008fe1b-fb2a-511a-9443-a15e8ecd0f52
Ixophorus	0008fe1b-fb2a-511a-9443-a15e8ecd0f52
Cusiala	0009079c-1c50-5674-a6ae-e2490c89eb2c
Loricaria	00090e73-9a23-5ffe-aa4e-2b0cc91b9e4e
Epuraea	00090f42-229e-59fe-9ac8-511b970c93a9
Africaraea	00090f42-229e-59fe-9ac8-511b970c93a9
Dicteisia	00090f81-f0b9-58d7-b168-38fa85c7d923
Mesumbethemis	00093b70-5e72-5ab0-90f9-408897829b09
Caryonhygia	0009429a-47cb-59f4-894d-6eee76273603
Nicolettiellidae	00094332-1caa-5ccb-adf3-d4b3c7704c0c
Hoplisidia	00094fe2-a9a3-5eab-b418-2e13b17ff2d9
Neoplacoederus	00095379-0228-5293-ba5d-cb894c13af03
Planchonella	00095397-f245-5809-ba2f-39c931466c58
Varanus	00095675-1538-55e8-8b17-0b84bef96994
Polydaedalus	00095675-1538-55e8-8b17-0b84bef96994
Chartolobus	000957bc-cb42-59ac-b0fa-15c1a025d6b6
Sowerbyella	00096330-918a-5fc5-8e2e-645030feb557
Thaerodonta	00096330-918a-5fc5-8e2e-645030feb557
Estrilda	00096a19-92d2-56fd-8659-cddb7fad42b7
Corcorania	0009779e-f343-5c13-a9b0-770df0f8c40b
Lipoptychodes	00097b07-2820-503d-8191-69df0fbaa7fc
Scorpæna	00098815-28c4-5d99-988f-55f222d6066c
Aërocharis	00098f37-7db3-5b1e-b1bb-02292bcf4c51
Citriduminae	0009958b-6987-51ac-a2b2-3a268bc6247a
Perkinsidae	0009973e-92b4-53c7-90e7-6c51700e5822
Ridens	00099a2f-46db-537f-931e-41f60e478023
Ornitorhynchus	00099a84-72d7-55f6-9a9a-69855be367c6
Raphirhynchidus	00099c43-ecee-5b74-af0f-01e6ee011584
Torosocyathus	0009a220-4507-5216-a604-f30ed5647c25
Pseudarenipses	0009a602-6505-53d8-812d-260eb56ebcad
Eurycea	0009a7dd-b35e-5fd4-b863-df650f5dfe8b
Pseudopontogeneia	0009a814-754c-5628-8d58-9eb00b2d423d
Cavoliniidae	0009aa56-cc31-5a45-973a-706309a338d1
Dactylidella	0009aae4-93c6-50a7-9c6f-26ca3537776e
Lissoceratoides	0009bb6d-d790-5e61-a730-cc6d4a04c6d7
Duyunolepis	0009bbe4-8638-50d4-8e38-be454fe45bcc
Condylactis	0009cff3-b070-5778-84f8-31e6ba7af249
Orstriaena	0009d179-ed01-5802-847e-69c6b6f0d978
Galinsogeopsis	0009d3b7-c9d8-553d-89e1-885102707100
Dipetalonema	0009e711-cef9-5506-b9a9-8507cfc90445
Molinema	0009e711-cef9-5506-b9a9-8507cfc90445
Jirouxia	0009ed75-689b-5bda-9a78-4b85fcf39e56
Zophodia	0009f7e2-79d2-5321-a901-4fdbb50a2143
Liriope	0009fa77-79b0-5bb3-a7de-d7de15bac57a
Ancistropsylla	000a01a2-f309-594f-8de7-a06d8b754cfb
Pastinacae	000a086f-ed4e-5e6d-b063-f284b2165a43
Hyperaucha	000a0aa2-013b-5c43-97ae-3854f9864306
Callechelys	000a11c6-6834-549e-be50-64e35d9af858
Amblyceps	000a11f6-59c5-5076-8e6d-45af88edda86
Tevenvirinae	000a1617-0d36-57bd-a8ed-4272ee8c7040
Chaenicthys	000a2717-2d2b-5375-bdd4-cda31abe2060
Plesiops	000a2ac7-dfbd-5447-a7a8-72f2f7187376
Cichlasoma	000a2ac7-dfbd-5447-a7a8-72f2f7187376
Harpedactylus	000a3446-811b-5d5c-b509-acb4832be6dc
Liaotendipes	000a3451-c41c-5560-9abc-659749ed5e6c
Brotulaenia	000a38a5-14c2-5370-bd5a-6bef9ec5473b
Gracilis	000a4154-e78c-5ed1-b08f-ef35dff47795
Plagiogmus	000a4606-b984-54fc-93ab-569c189b9fef
Nelomys	000a4d82-c668-51cc-99cc-5b0550552627
Seelya	000a536f-404f-5252-b308-6708192605c1
Ferrocalamus	000a55f7-abff-5b52-bf57-6e59e337f19f
Zanirinella	000a5643-72a0-5517-b0c7-855a9eceb833
Zemisne	000a7208-79f9-5ebe-9dca-74d9098d0082
Decellia	000a78eb-5bef-5be4-9661-47c70498ecfd
Stiporyzopsis	000a7f51-626d-5a0c-aadb-f30259ff0249
Coesiodes	000a8551-292c-5eef-b57d-27d062fa7657
Aphanomyces	000a858e-5f7c-5a3f-89a6-09482bd1f858
Nemoria	000a861f-07bf-52e7-a48c-73738a65bb6b
Cyanopterus	000a880d-76a2-5134-bb22-bc7a88d38330
Paravipio	000a880d-76a2-5134-bb22-bc7a88d38330
Gasterocercodes	000a8e53-e4bc-570e-a2c0-cb333be08a0e
Gallioscorpio	000a935e-1a67-541f-b504-986644546f3e
Menesia	000a9bfc-b0e2-5f29-a9e0-288b077eab20
Zephrocoma	000a9bfc-b0e2-5f29-a9e0-288b077eab20
Agave	000ad014-297f-5157-af1f-4ff31dcddbad
Hellula	000ad637-559c-5621-9282-ea21902b5654
Tomaselliomyces	000ad7ac-0b8a-5c7d-9e1b-102764968b25
Alca	000addb3-4a68-55a8-8124-e302222190e9
Leucosphaera	000ae44a-7cc3-588c-9256-3f3f43b2fab0
Seppia	000af80b-1389-50c9-b980-180038036c60
Eugenes	000affe9-63f4-5387-a441-61815cb8fb59
Petrobium	000b000b-5bd2-5177-92eb-a9b301782c7f
Gephyromochlus	000b0572-1e62-5e55-962b-a92ee46d03d2
Semicorum	000b0fef-98e0-5802-b7ca-89e2ce3d5d87
Pseudochelidura	000b2138-b191-511d-aaa0-1afeaec6bbca
Parapeishania	000b292b-b160-565a-9a8e-72705e29de97
Bacteriophage	000b4483-5519-59d5-affb-d253155329bd
Nematocentris	000b5ba1-3377-50c3-8662-122e626c59dc
Sirozythia	000b610c-81f2-5451-894a-021df880a8f1
Anoxypristis	000b612b-79f6-5a5d-9712-90c0be94e7d2
Lusciniopsis	000b6201-37c6-5aa3-8f00-e7a6fde38f0d
Otoblastus	000b64ed-ac99-511c-a2cb-c64b00198611
Populoxylon	000b66ef-53cd-59ac-83fc-961fcf76285c
Licigena	000b7137-c98d-5d49-b673-5c0d85d61b48
Lindholmia	000b8dbd-cf21-576f-81d8-818dcfee8c77
Circinaria	000b911a-202a-5d71-b6a6-871f186b0fa6
Erithales	000b92bd-06aa-52b9-8aca-eef3b1bf0eca
Paracalotes	000b9c46-f002-52c7-9f10-f9abe808fdc1
Humphreysia	000bacd0-6f67-5b4e-91b2-876a06e6746a
Neumanikea	000baf2b-fb01-596a-bd50-1fa75e1196b8
Clypeastroidae	000bb307-988c-5698-9071-75b8308e9b7c
Loxania	000bb762-9834-5fda-ba6b-24048c369fff
Hoqia	000bbe31-5bf9-52fb-94ae-45a3abfee448
Eurenetes	000bc96f-8a16-50e3-bea8-b0f03f7725d2
Pristinoides	000bcc7a-1a39-50dc-a569-0ba4b011d2b4
Proneptis	000bccb1-01cd-5e44-b83d-02c57feb45e3
Dudichoplophora	000bd712-459d-5a1e-ae40-a9727c97bc0b
Notoryctes	000be24a-2c14-58aa-8db4-b5c611b9cfc3
Paranaja	000be638-7306-5cc8-9d45-511f913c1eff
Tetreutreptia	000bebff-9ad7-5ff5-8fab-ce1f07874107
Cnemidothrix	000bf14d-80da-54aa-84f1-ef9dfbf8e664
Maculicoccus	000bf7da-9316-5706-be08-96cbfbe6e592
Amphoracrocrinus	000bfafd-e4cf-53c9-877b-65ef212ff0d1
Thusaria	000c02f3-56df-5819-9851-4ac62a0145df
Hsiangchiphyllum	000c0613-0d27-56c4-ac81-b6346bea6854
Protoboysia	000c07e5-947e-52f3-87ea-d9e3ab414968
Semnocarabus	000c0db1-5a22-5d67-9924-c9c7d104914d
Mauriella	000c12e7-88eb-5e62-9bd2-b493bdfe0837
Rommeliana	000c2cc7-7993-5cc7-9874-04eb859a8e3b
Chaetobroscus	000c336a-ac14-5064-a549-41a91bb65877
Morvanobroscus	000c336a-ac14-5064-a549-41a91bb65877
Scolopax	000c3e81-a01e-50c4-8861-bc0b63881e17
Desmodium	000c4191-80bc-53df-a912-74054094a0a1
Pauciarticulata	000c4191-80bc-53df-a912-74054094a0a1
Maputrigonia	000c4aeb-35c8-5ae5-9059-87051a3c668e
Asterodiscides	000c5337-12c1-5c8b-becd-9ac30b575560
Progabbia	000c54c1-d005-55dc-8a8d-b4cb6a5dcbef
Panopistus	000c5728-d67f-5e02-9e61-b9641e24a901
Polycoelogastridium	000c58ca-dacc-5212-927f-2ce38ed59b4a
Novopokrovskia	000c5b45-6550-5fcc-9f0b-444b6af5cb70
Agryllus	000c5d30-cbbf-5c0d-b2b4-332c0a842772
Stuorella	000c6305-f704-5e37-971a-f8f10f5e4f87
Lamptidium	000c6ab2-d37a-57ba-9d7a-7125a2100dca
Clemanthus	000c8c22-6301-52ae-8cea-1ab2dbe9789c
Salarias	000c9a74-1e8b-5c4b-b6c3-5a3bab84195e
Palaeoberesella	000c9e20-0ff5-515f-aae1-f78c6865c953
Chaenactis	000ca0fc-5bbb-5674-96b5-7ddbc79f5cfe
Oshania	000ca646-15f8-5bbb-9057-b693ccb97858
Rhapydionininae	000cab58-da5b-543d-94c2-c9b5acce1d26
Anoxys	000cb342-b678-558f-a4f8-858043e8344c
Therioaphis	000cb4c1-8fe7-5768-97f6-926d24eb7633
Pterocallidium	000cb4c1-8fe7-5768-97f6-926d24eb7633
Paralobella	000cb983-2507-5120-9a0b-bb9e60f7f1af
Eodinus	000cbf26-e9b3-566b-a251-47bdcfa97e1b
Netrodera	000cc463-2215-59da-9b4c-2a3bb2da6c60
Pseudotachea	000ccb07-70b3-5b75-8725-b81e8f6c348a
Evidaturus	000cd4b1-a62b-5fef-adf3-d28c6ccf8af6
Progonica	000cdd08-6540-54e0-a2e8-502ab3270114
Cordylosporites	000cdd42-3859-53fa-9ca0-c9dd005f4aed
Monostilifera	000cdf41-9a22-5293-bdf3-baa055463f1e
Electrophrynidae	000ce15d-bfea-5e1f-9f79-52ce5c1457de
Dictyospyris	000ce39a-2c78-55de-b1c0-1de6f9bb7258
Toredothyra	000ce6a8-b095-5dbe-a927-757fcddc1869
Clavascidium	000cf0fb-0728-5f9b-aa0c-93241786ecae
Callophycus	000cf132-1033-57a6-b5fc-494079989ece
Austrognathiidae	000cf3ab-32bd-5554-9659-ca8f13943c02
Crataepiella	000cf4ea-fac2-53d3-990b-3f02f176dfaf
Xenaphrophora	000cf81b-3086-5563-9495-89c9b674f2ff
Aporinellus	000d083a-c46f-55fb-b7ea-01e94fca181f
Pteraster	000d0aa5-9b31-5414-9a13-9638b5810f8e
Procolophonipus	000d0b47-4b15-59aa-889e-60dfbc33e7cf
Camptonectes	000d1377-c647-5d91-bade-baed637c11f8
Tuguronectes	000d1377-c647-5d91-bade-baed637c11f8
Wurunjerria	000d1594-c06d-5ffe-9651-729fdb1b5a06
Bastera	000d1adc-4510-5d0d-9627-e5935978803f
Gallatinia	000d2b59-eb81-5ff1-ab60-504bc1585123
Crossachus	000d2c9a-d93e-5d4c-9805-67a49fedf93d
Neocatarhinus	000d3506-fbf0-5a5b-ac9c-d6781b6ce87b
Rabdobornia	000d3bbb-0dc0-5c8e-a923-3a09a0f94530
Ophryocotyle	000d40f7-dda3-595a-bdf5-ab8e08d5167b
Noathleta	000d6683-1d82-592a-a543-df5216a97393
Diptilostatus	000d6749-2ffe-5e1b-a2a6-189f8aacbfca
Cryptaplothrips	000d7589-4baa-590d-9813-5cad10a6e3b1
Microsaprinus	000d790f-e1ae-5195-8df6-0559405c6695
Aythya	000d7cd0-1f46-5696-bf59-81f4fc8ada21
Rhogogastera	000d8978-0810-5d9b-8e59-3704036273ff
Gemuendinida	000d8980-1933-507f-b2f1-d61bb6fcb2ef
Vincentia	000d9b90-398e-56eb-905b-ada04649e61d
Ventidioides	000dab3e-cd01-56c6-a053-ff5c3e3fab3d
Xiphotheca	000db3d0-8fff-515d-a8e1-de24a581fd59
Congestae	000db3d0-8fff-515d-a8e1-de24a581fd59
Palaeoxanthops	000db472-c7da-53a3-af51-2d373dee4285
Curtisiaceae	000db506-ed69-5591-8ab8-246c01a55273
Harms	000db506-ed69-5591-8ab8-246c01a55273
Hoematornis	000db75b-c54d-5abc-975a-57b3a7a957a4
Rhinopias	000dc03e-7d88-599b-a680-403f962f16d3
Pagiophyllites	000dc3f2-69ae-548c-83d3-24e10a746a28
Hystrixasterias	000dcfa1-638d-58b7-8d4f-a3c64eb84a30
Ogerieniana	000dd66b-42ea-5458-ac34-471b3812155c
Bourguignat	000dd66b-42ea-5458-ac34-471b3812155c
Tragoselinum	000dd8b3-2eab-5151-afa3-d9e70dda483f
Araucanites	000dda73-e0b9-5323-a1d0-f3a8e8caf99b
Polygastropteryx	000ddab0-ef02-5a17-a094-e9e1be822aeb
Melete	000ddd2a-4221-5ad1-85c3-c8cecb2c3e2e
Neisseria	000de0a3-3bae-51d6-b8d1-90b66eb23126
Mesembrinellopsis	000e0e28-1a9c-5d29-ab14-61c19a980539
Parthenocissus	000e10a4-da5f-562d-b2d5-b4a65bd68651
Gloeoplax	000e157d-055b-5354-bbaa-6d4d78d2db7c
Cynodon	000e159f-eaba-5a54-b7b7-c2cb93a51480
Speerschneidera	000e16b6-605e-54f1-be4f-b75ce3dff32e
Halogetocrinus	000e199c-dbb9-5f75-8aa0-3d1837b955c2
Amira	000e2536-7fdf-5483-b842-b254b14aac61
Coahomasuchus	000e2afa-87a7-544d-b2bf-cb2b83eea6b7
Coryssopus	000e31e3-2fc6-5720-b4b1-953b6e7b8a3d
Sypnoides	000e4a1d-72f7-5a36-bae1-b5b5cb026e2c
Yukonoconcha	000e4c26-b194-517a-aa66-354a5e4a4912
Clavispora	000e4e85-f5b5-5655-95e6-1caa4ee41f1d
Oltacolis	000e5333-6f9b-5ae1-910f-156b10869d47
Hellenus	000e53a7-c074-544e-b592-bee24ac2a17e
Meloidogynidae	000e5471-9571-5118-8ba4-175d398ddd06
Siagonum	000e5571-28b9-56f5-aa07-4ede3b270463
Saccammininae	000e595a-2cca-560a-ad5b-511fc5786c9c
Bellidiopsis	000e5b59-9210-5ea3-9ff9-24fe3d4b9446
Pteroideae	000e5b9f-2ae7-5747-9ca9-731c86281918
Cyriopertha	000e673c-29dc-5600-aa0e-2a1eac5428a8
Oreochrysum	000e6c61-3369-56ea-b931-6c141feb8c41
Wandelella	000e6c87-12ee-548e-9674-87c8433250b9
Hierichonticus	000e70ad-8f22-5a2a-856e-dfb3ac95e587
Ancyrodelloides	000e83ea-232c-5731-8f9e-8a842c830fc6
Euvorticina	000e8428-8a15-5c50-8d12-9df13fabf06d
Metchnikovillus	000e90ec-b5f2-5ded-a87b-16464b6a56dd
Otocorinyssus	000ea881-5f86-5252-b55d-d9ab723821b6
Currania	000ea9db-8008-5487-8117-0ab548ebd390
Oreailurus	000eaad1-97f3-5380-9205-b58982fe9b40
Alvarenganiellinae	000eb1c2-7fea-5b26-87d0-3313c909870c
Gomphiulus	000ebe2c-288c-5e56-95df-c8f18af91be9
Limosilichus	000ec017-c1c0-537d-b83c-10cf0cb7ea03
Aegilops	000ec063-ea1b-5ce0-b8c5-f94b310fc25d
Politolana	000ec57e-db9f-586a-a361-c17a6275b61d
Atocion	000ec614-8600-5790-916b-51c9329ec963
Glyphonix	000ec7ea-cb7d-5011-b400-e864aa10f29c
Elfia	000ecae2-9d1c-5d7a-8453-a78fc78fa3cd
Acanthoderes	000ece09-77c6-5278-9066-c63fa43b830c
Dybowskiella	000ed473-da5b-591a-b5d3-709d40b80967
Oedogoniomyces	000eef17-0384-5d97-8454-dadf77dfea32
Paronitis	000ef05c-6d2d-5329-a728-ac980001d42d
Atheta	000ef11e-315f-58b5-a35b-cc926631577c
Oxypodera	000ef11e-315f-58b5-a35b-cc926631577c
Loxoconcha	000ef585-98d0-54be-ad67-44e6b2350758
Dalus	000ef9b6-0ca3-57d8-9627-2a8c555004d2
Toxobrissus	000f080c-bc03-5064-8dbe-b7d8670ed53b
Siderocarpos	000f132d-6024-50a1-86d1-9c32debd5f01
Camptolites	000f1588-489f-5565-ab23-316b3ce91590
Austrosaga	000f18e6-ed73-5f04-9319-83ca910c0c05
Melcachus	000f1b1c-6aa4-5438-8d28-eee5d92fdf2d
Barnardillo	000f203e-855a-5b4c-92f9-364e14b0cbe2
Climacograptus	000f3123-5c6d-585e-bbc4-4fb440320e26
Strombosia	000f3ac8-23d6-5e0e-a97c-ca17fe653cbf
Pomonites	000f40ad-f79e-5298-8dc8-d0442bc8320e
Diadorina	000f43b9-63b9-5973-8702-2877c5498d32
Biforina	000f4963-b48f-5a82-9591-98d6a574495f
Micraclathurella	000f517b-9fa6-59f9-81ff-881ff3698af1
Yunnanosauridae	000f5992-2f78-5c25-ade3-f7215afef2c2
Magiriamorpha	000f5bb8-e468-55ca-9b98-c6475daa6e48
Tremiorchis	000f66ba-3a61-5fa3-8255-4774886c7dd1
Nereisana	000f6e20-bc5a-5648-ab98-b776f05d5671
Paratorix	000f7ba0-73f3-503d-bde4-ed597f5d777d
Anomalobittacus	000f8176-647a-5bb0-a935-4d2210ca93c0
Pentagonoceras	000f82d7-2417-5e96-a7b2-46d786b31f52
Treleasiella	000f8976-070a-5f16-b013-dec216590fea
Goniocuna	000f98f1-6bab-56e4-b3cc-ebfb4a31d057
Porocoscinus	000fa469-fe26-5284-9135-b94e015746db
Dipidax	000fa9f6-b787-5a30-b0b2-f3ed4664972f
Didrimys	000faf04-5a52-54f4-885e-38adc9a2fd23
Zenarchopterinae	000faf59-39d1-55ea-a040-8cec835400b9
Erythropalaceae	000fb844-229d-5728-a362-c803e40497d8
Geroneura	000fbc11-fc34-59ba-bba2-d2f68e870c4c
Guembelia	000fbdb8-4c36-5144-a7ef-b55dc3605e33
Helotiopsis	000fc5b2-c371-5d86-b4b0-7af1d93399a4
Ektyphocythere	000fc831-9026-5d94-8720-586f50c6b85a
Sicuophoridae	000fd10d-33fc-5dfb-aa82-b88b8323210e
Cleidothaerus	000fd348-4105-5dbd-9414-dc970572190f
Cyanicium	000fd467-8ce9-5dc8-906d-001db149bcca
Gyrtone	000fd670-57ba-57c7-9666-cb29f89311dd
Lobatopteris	000fd6a1-7bd0-52e2-b911-685a0f38ff89
Stylopanorpodes	000fdcc2-e7f8-5ef9-9897-67fc381cb740
Nucleusorhynchiinae	000fdf39-4f68-545c-b3c7-be9096ba255e
Serraticerithium	000fe1b9-30ce-5ae9-9ac8-75fce526f4d8
Ammodiscata	000fe394-1eca-5072-8f12-eb532673b780
Prolagus	000fe3b8-1397-51a8-9868-5ec2db82ce41
Eucyclus	000ff55e-660b-5978-98d4-405c9b4ba277
Itarchytas	000ffd81-2ec0-5c2a-acbe-a9e4ba5fc6d4
Kuznetskia	000fffc4-978d-5200-9b60-5367d6871b11
Strigilecula	001008d8-540b-5454-ba89-c7d999d94fed
Neocatillocrinus	00100b89-e770-5677-a8ca-c0b1648c111b
Acanthorrhinum	00101478-0409-5ff8-8ef4-5a927f4cd104
Cyathophyllum	001014a1-225e-50a1-8d63-ec1a84d0ccfa
Orthocyathus	001014a1-225e-50a1-8d63-ec1a84d0ccfa
Swartzochilina	00102160-43f5-5cfb-88d4-5b151449b83e
Nezamyslia	001024ef-0eb4-5d0a-9c7c-653a0bc236f0
Oxyphora	00102813-9721-5ddd-8f57-601e1ccee7f3
Leptapoderina	001032cc-c291-548f-afb0-5e20e3455dea
Erythroneura	00103c2d-e65a-54e4-a5e6-750f03fb5d56
Eratoneura	00103c2d-e65a-54e4-a5e6-750f03fb5d56
Cyanidioschyzon	00104271-ff54-53c9-842a-0413bb4f95ad
Genopla	001045bc-dda4-5ab3-8aca-9794afe91b8c
Decorataria	001047dd-2d9c-55a4-9c88-64775c5205ec
Pragmatodes	00104bf5-d894-5950-ae24-d859303b799b
Dysdiatheca	00104e1e-c249-5ad9-b0dd-bc5c1413712a
Ximeniaceae	00104e28-6e43-5b3c-bdff-5d932f5c7e88
Mimasterinae	0010517b-7bef-5fd0-a250-ce8021f5bb04
Adocus	001057c6-14c2-5db5-839b-0829ab1dbc83
Anemolua	00105917-b01b-5d41-b309-ab8fbacdb578
Genus	0010668a-ad52-5928-8e09-c46e94a5fb33
Sarrhorina	00106857-ac95-5189-9e1e-728b60df490e
Rhachitheciopsis	00106863-3538-5d3d-b58f-05ff92f2f0a3
Ochthebius	00106cf6-adb1-5476-8db7-6e093f7ab406
Asiobates	00106cf6-adb1-5476-8db7-6e093f7ab406
Schaudinnula	00107559-8e1a-545a-bad1-0209bf1acec5
Salishella	00107640-8cc3-5d8b-9fb4-0e91c36688cf
Globosopyreno	00107ddf-5b29-5b08-82bb-27803a7786ce
Hunanoconularia	00109193-8843-56f1-ab0c-a245367bfffa
Payanelia	00109242-1c72-5c2f-bd1e-cf5c646d2b84
Mannodon	00109523-02a9-53bd-90f8-0b1e20fa6bf8
Taurocerastes	001099c0-6895-50f2-828e-ab6db182a75f
Acathopagrus	00109afb-e4cf-584d-8e6f-aab25ad980dd
Lophodermopsis	0010ad81-8151-5402-a01e-c8c6c5289969
Macrodon	0010af25-51aa-5a8c-8ebf-7b418272ab75
Hybsonotus	0010b3f4-589e-5266-8e4b-5b15bb1f1db0
Euryaulacus	0010bea8-ab2c-5255-ab63-21c45785b31b
Solegnathus	0010bf9c-7c5f-5a97-95d2-f3c268c2ef6d
Castelnauina	0010bf9c-7c5f-5a97-95d2-f3c268c2ef6d
Schedarosus	0010c126-b3d7-5bf9-98c8-557f5fe2ad37
Hamatolenus	0010c264-b63d-5670-8067-89d2a634c844
Lotzeia	0010c264-b63d-5670-8067-89d2a634c844
Eupithecia	0010caf6-eeee-5c60-8e93-260646324d5f
Zeuxaptera	0010cf27-4ab0-58f9-b835-e0cbf6cebc1e
Gobatus	0010e1d5-6cc4-55bf-9386-f8e8e2d175d7
Achirhina	0010e1f3-fe46-5fcb-8ba4-008e87ecc833
Barrandicellopsis	0010e4e1-e376-5fc6-a2e0-d7c07a2ecb22
Zatgyrtes	0010e627-0367-554c-baa3-7dd04b276274
Galvezia	0010f162-0437-57a9-b0fc-7982f8245931
Ngunga	0010f6d6-8189-5181-ab06-a1c0801677aa
Anostomus	0010fd26-4c43-517a-9377-2a90f6ca26e7
Anisitsiellidae	00110d1f-8685-524f-a1b6-41789973f7ed
Stypotriclida	00110eed-6976-560b-a92c-03f1344d8099
Orchidaceae	00111584-e590-50bd-9292-586d2a226b2f
Porphyrandachnis	00111584-e590-50bd-9292-586d2a226b2f
Pachypoma	0011196a-936f-5783-8436-80299aec9971
Lynx	001120af-9e98-5936-8ba7-2acf9cf9ed3f
Homalostoma	001124e5-4030-5f98-b8aa-92d12ada5ac7
Nucifraga	00112b01-f37c-5f33-92ab-7f6ae38e38fd
Separacrinus	001132ff-fb67-59c1-ba58-5c3435ce65f1
Phaeochora	001138c0-9a02-53dc-8fcc-869d4b094918
Tetrastichopsis	00113c2c-9a97-5550-8fb6-488a1652cfc4
Carcharoides	0011459d-a0b0-56b5-8485-052e474fa737
Afraciura	00114b44-a81c-5176-8ba9-c4411ba47591
Biblomimus	00114e3a-1925-5c35-baa4-10339628dde2
Agropsar	00115d13-4fab-5fc2-ab01-5dc6d9bbdaf8
Cruoricola	00115e3a-6038-5e3b-84b7-20139d264306
Stenomacra	00115f97-8d1e-5bab-99bc-a555c117a869
Heteroxenia	001160fc-300b-57df-bfd4-b070efa057a1
Sphaerosporea	00117364-9d73-548a-bc03-dcfdfb9af212
Kielcelepis	00117589-63cd-5123-8bf0-459f091a9f3c
Helicoblepharum	001177fc-1d90-5c0b-be55-3c56a88526c8
Renaultina	00117a9b-cadf-503a-a542-da727351cd68
Phanerostomum	00118305-05c4-5f8d-a452-bece99b50f14
Milleporites	0011a3ce-d8af-573d-b94d-6a136e74acd1
Strongylogaster	0011b47b-7fb8-53b6-b462-2ca037abd66f
Dactylogyrinae	0011b6ae-2bbd-5f14-96c7-c9e972215c7a
Phragmogibbera	0011b6ed-f429-528f-9928-d5c08c354910
Schizonycha	0011b6fe-ea80-5152-9c50-450d91bba418
Annamitia	0011ba95-5b3a-5261-b988-baefc4786d01
Zhuchengtyrannus	0011bd8f-2d2b-53cf-bbd5-a58cfe5d667b
Petitella	0011c2c4-d9f1-5dc6-b17a-a03c30838362
Asquamiceps	0011c4c1-d63e-58dd-92ec-37f5e49a98e1
Eporus	0011de96-11c3-5fc2-a066-a4815ed0eb6d
Paratoximopsis	0011e522-fb6c-5c5b-aa6a-fbee4bfa7ffa
Tugurellum	0011ea76-0484-5216-bfb5-1199db9be151
Columbiella	0011ee8d-1583-5dfe-bda3-ff3eb54b0cef
Phaeosphaeria	0011f074-3bc2-5aa6-a02d-8e4b95f4e5e3
Asthenes	0011f455-9819-55f5-9365-89099a30afcb
Amphiderites	0011fe0f-9c6b-51e2-acf1-3e72e8c62dce
Magnipelta?	0011fef4-30a2-5b13-89e2-b06f87393fb4
Ostracion	0012002e-5023-58d1-a2cb-e1ff78c0faad
Calamophila	0012028a-cb69-529a-b3f5-87f4b1f668d0
Callipappidae	0012032e-2b0b-53ac-b8ef-6b3977165acb
Neochallaia	00120644-7f3d-5ccb-8ee6-5121ca88ba87
Sibuyanella	00120973-0ef0-57b7-a6cc-46f1de7c46a6
Eremaea	00121648-571a-5e32-9ef1-ef4d0b7d3186
Okriocarpa	00121648-571a-5e32-9ef1-ef4d0b7d3186
Automolis	00122584-50aa-5851-86ec-0f5137f0bbc1
Ulnaria	00122919-b00d-515e-a0f5-f6432d0fd58a
Megachernes	00122a5d-026d-5a9c-a4b8-29186575ab97
Cenchrinae	00122cea-8503-5216-9e75-f03865da2a60
Chamaeleopsis	00122eb1-92cb-59c6-928b-74a9c5967fac
Heterurus	00123892-7080-536c-bd5b-f98e83afaff0
Adiantum	00123893-2568-56e6-844c-5204b282c87c
Rotundaster	00123bff-d090-5c3c-bdf5-e68bdeb0a3d3
Notropis	00124310-8250-5cf7-acdc-808d8dad0650
Beetle	00125c98-4ac8-5dd7-8e65-bd3f02025674
Lumbricicola	00126691-bdac-5b96-a533-2bdfeee212fb
Bigelowina	00126d06-f868-5e53-9de7-975716d3834a
Mirandifenestella	001270ae-d6c4-576b-af61-4ad736b802f0
Eumiklites	00128201-a20d-5b0a-a17e-4822ae7358fb
Taseopteryx	001287a0-2acd-5ab4-b52a-9b01ab311f03
Phytodiniales	0012898a-50c0-5e0c-961d-5d9805008d91
Conodontomorpha	001290c1-a1fc-5b21-91b9-7035a4493152
Loricaria	0012a8d5-fc69-5ca0-b71e-4f4ddbc99bf6
Opistonema	0012ad07-5a00-55d2-8cee-e07260d93388
Trichoanoreina	0012adf8-ee4a-5a7e-90cf-4f889f1e6a81
Rhombica	0012b338-0b4f-5f18-8542-7aea7da38a30
Luzoniella	0012b515-0b70-518a-8634-364a667d7c33
Antiquicyprina	0012b978-c30e-58ff-8bcf-d2bd797f380c
Archilejeunea	0012bc07-5183-51c7-a0ac-616d2eb1d9a4
Pediocactus	0012c23a-31da-57ab-9add-80ededaadbd2
Neolloydia	0012c23a-31da-57ab-9add-80ededaadbd2
Pretricolpipollenites	0012cd35-4bd3-56b0-bff9-0dc5f2a7938b
Antidrymaeus	0012d283-c7ea-5b44-957e-ea22d651a3b9
Onthophilus	0012e45b-0591-533f-bdc6-352a802e5c4d
Xylomites	0012e50b-c8b2-5b09-8a2d-299c534a2be1
Cistenides	0012e6ee-9d7c-52f1-96bd-bd1aeda0bc7b
Amphiperasidae	0012faf6-cd03-50fb-a3a5-7eba88dbd2cd
Pisolithus	0012fcb4-079f-55f4-90a2-9708cb25e805
Macgillivrayornis	0012fdfb-d9a8-5a77-8af2-30c78a99e5d2
Ailostrophia	00130215-3785-5827-b99c-935c3aba1578
Pellorneum	00130603-4731-54b7-a57d-118eb35498d3
Gobius	001312fa-2583-59f8-93fb-409546887ca9
Nephtheidae	00131769-8040-50dc-9f26-e8c0d13a1ed1
Parapagurus	00131c18-ebc2-58b5-9b7d-b4b90e90d9a0
Eoasinites	00131e4a-fc02-59c4-bae6-0581c0a3dbac
Stercorarius	00131fd8-8219-5dfb-a20d-7129f4744baf
Paraplesiataenius	00133ac7-efa1-5224-9d8e-b91e52321b5a
Herreichthys	00134134-ae46-5d4b-897e-5d0fd38b47c7
Mesobaetis	001341ed-dd75-550c-b771-3c68028756f2
Gibbopraonetha	00134277-2caa-5303-a81a-865130d6dc58
P.	00134371-de1d-5509-93fa-a6e664aea1f3
Metopaster	001345e6-582d-5503-adbd-a1362f8d4ef5
Saperda	0013512b-9e02-5166-98c1-d2caf74ea1a0
Mastodictyum	00135563-b126-526b-9eb8-caa119bbc5bd
Eucera	00136d60-472e-5c85-a729-e13fd87061c3
Schultzella	00136eca-3d4b-56e0-9141-60b21a29a98b
Orchidaceae	001370c5-d5c7-5651-98a8-2bb1bcb05341
Gymnaplatanthera	001370c5-d5c7-5651-98a8-2bb1bcb05341
Paraterellia	001374ca-71c6-5348-8865-65fb6ea37ed0
Odondebuenia	001377a4-0097-5ebb-adac-a8139c56e199
Podophyllum	00137b62-3bb8-524c-add0-a21b4d260773
Delavayae	00137b62-3bb8-524c-add0-a21b4d260773
Lepidodermataceae	00138481-844c-5975-b330-98643df283dd
Eurocyma	00138b31-f289-5430-8203-87bb1f8c5fbb
Staurotylus	00138d87-7a24-5dfa-96ae-e7ad0d120534
Carabus	00138e2f-b549-5212-943f-08b71d848f35
Tribax	00138e2f-b549-5212-943f-08b71d848f35
Spelotrema	001392fc-b58f-5fcb-9126-73cc87875eb9
Architectonicacea	0013975f-61f6-5803-867e-a6983b2392c9
Gibbithyris	00139929-adc4-56bb-b81c-341af52ed11d
Eutanys	0013a97e-37bb-55b3-9fcc-4be0980e09f3
Bovimyces	0013b060-6479-5e84-97e7-861343671e5c
Menispermaphyllum	0013bd36-041d-5253-a13a-e4461fc124f4
Vesicularia	0013caf2-3af5-5355-b4b2-9de9c073c0f6
Dielasma	0013d009-7e82-5220-8e63-82484fe77d79
Proberothella	0013e270-0bb5-529a-a657-1ae7e0bbff5d
Spiticeras	0013ea0f-34ca-50de-91f3-b8e8df3b6a74
Dermochrosia	0013f65b-9fb6-5ae3-98d3-27475963c9e4
Hapalocrinidae	00140132-d631-57fe-aa12-bead4270ce43
Senderzoniella	00140a2a-f133-58bd-8c4c-6b9b16a6e3e0
Mullederiopsis	00140f78-6168-5887-b5f1-73f07607134a
Lepidolaenaceae	00141151-5ce1-5ed7-9f0a-fa9df8f8a513
Stenopterina	00141172-2bd7-5fb1-b345-2b00637174bd
Manihikia	00142da0-fe53-5727-bb0e-6f39b60b9a87
Vertagopus	00143093-abe6-5579-9c31-7c7b242a6f45
Proteuloma	00143717-2e23-5869-9fff-a42a847b6520
Tipula	00143a90-fe2d-5189-b7b0-69a2b71d5885
Euterpnosia	00143ea0-7fdc-5615-a1e7-d4a07df9ec04
Bitis	0014436b-feed-528c-8033-47b9421ca353
Genea	0014454e-6ea2-5940-9ffc-2e775f958749
Sergitius	00144984-ba87-54ea-abce-226e53b38c25
Carinesta	001449ff-37c9-572d-99c9-8f4c63ab4210
Cachonodinium	00144c47-c504-5ce7-b4fd-263841e423d4
Mniotitla	00144dc4-d426-5c22-8eac-c322ca641984
Hyperlasion	00145bef-5406-598c-b09c-2a7eef1ac58e
Mesostephanus	001460d6-5e1f-5a75-b64c-b6c1cacc4d08
Nilio	0014669f-db07-50c8-b9a7-699f22f4680a
Nilio	0014669f-db07-50c8-b9a7-699f22f4680a
Megagnathus	00146c37-27c9-553c-ac87-5ec5dc68b0ba
Sargus	00147cf8-d331-5608-a1e8-963cea21373e
Eugonobapta	001486d7-fd6b-56a4-b899-295c1cadb867
Peridroma	001487dc-d623-5a7f-b9c1-c4b61c3e5229
Palaeophelypera	001488f8-24a9-57cc-ad69-8dfbfc53ab17
Oopsis	00149930-887f-5a2b-bc3b-36be470c079f
Trichomycetobia	00149a75-a4fc-501c-9d01-d0822b096266
Orbitammina	00149aba-0e0d-590d-a7c7-1cae77035ebe
Callitriche	0014b287-62e8-5225-b283-6f91dae90e3d
Stibadocerina	0014ba87-cc6a-5a79-8aea-a02168b2c5b5
Algae	0014bd8e-a419-5db1-bf53-ddcedebf0e0c
Leapaludina	0014c076-2db1-524f-a976-c20727c76cf0
Ctenicera	0014c153-12de-5913-83f8-7e3b81cabcc3
Chrysolampra	0014c6ef-e99f-5f6c-af76-52876de9067f
Ectoconodon	0014c916-8758-5850-b15d-df16239403c8
Astrogeron	0014cbbc-0403-59fb-b574-578cea2e0035
Grammotheleaceae	0014d0df-4d06-582f-8984-e7ee05cdec56
Palaeolobites	0014defb-4f64-5f0a-93b2-4b1fa6a9b2d4
Schimatocheilus	0014ec83-688a-5a4e-a51c-1bdb113f0c36
Menzbierella	0014f654-9024-5d4e-b817-10612967c389
Platysystrophus	001514df-180f-5531-a410-d02c8673a456
Onchonotellus	0015199a-39b6-518f-88a8-4bd4df6fc022
Orgyia	00153214-fd32-5e36-8dee-2477d2af78df
Mixotheridia	001542ab-5076-58a0-a21f-077460446344
Ranavala	0015483f-0e91-50a6-937f-cfb0791565e5
Atoxonini	0015484d-37b1-501a-ad24-63b5f4d30225
Corium	00154ab5-f187-55b2-a920-f39af5ac0a10
Austroberothella	00154e28-3436-5c5d-9d5f-e7ced1fe19f5
Cristularia	001550ec-260c-5e64-a107-257ee2623b07
Pogonomyrmex	001559d2-524e-5cbe-9b06-cff5be5483db
Bootara	00155a7e-674c-5704-83d8-fcce97a2fa1a
Solskyia	00155edd-1490-5b7f-a95d-946a0c8a72fb
Karagemia	00155fd9-c0e0-5ac3-9bd2-347b32e07432
Chirocentrus	001562a6-6a5c-5640-a8eb-f36273686c64
Spheroides	001568cf-d0b1-5e9e-8384-04f3873e29b1
Anil	00156bf4-6211-5b7d-95c7-d33f62153bfe
Protocanites	00157161-ef79-5e15-a507-b2e0cb4287b4
Medusather	00157a49-3f00-5299-97b8-8cdbb53ef4f0
Arundinula	00157ce6-d58c-5b47-ab13-7b71664c9e1b
Juniperites	00157fa2-2dda-56e7-8996-a3980cb9d96d
Kuperwoodia	0015827c-530c-57e5-b46b-0cbbae712acb
Loxochoanella	00158371-b35c-5024-8e46-6deca91ff82f
Segisauridae	0015882e-e195-5614-85f9-f5118b7fea57
Botomocyathus	00159b8d-b992-5ca0-a6d5-63369bc15d3d
Proteopecten	0015a589-ab5f-5ca8-927b-9b5e728d7276
Palaeospeothos	0015b6fd-1237-5965-bbf3-2b264600d080
Simipercis	0015ce46-ebc8-534f-8346-63f1c99fee80
Hypolepis	0015d5fd-0096-5b54-8cbd-f3b0b8f5f898
Choriozopella	0015da3c-4502-5349-80bd-33d2f79a3d92
Oxymandias	0015dde7-41dd-5713-a48d-a5bf186da65c
Paranemachilus	0015e623-c2b8-5da0-9720-97ccaf4300f5
Cyclochaeta	0015e812-8794-5f7c-a4d1-fb4c2fa983cc
Sundatrigona	0015f31d-bd7b-5147-a585-f6294740f0cf
Kerochariesthes	0015f84d-9d56-5da2-8702-582113e1a6fe
Calliocloa	001607cf-aefe-5e9c-b3cc-c3c9bd05ef17
Paskia	00160901-1ff8-547a-b136-746b0dfbd2ec
Bombyliospora	00160b37-4b4c-58cf-8604-9bd0818354cf
Volutomorpha	001612e4-04ef-5492-96cd-4780c8a4724f
Platyledra	001616c9-1653-5464-9ed5-684d58898585
Plesioidischia	0016273c-0d71-5c4e-976e-74506461d95c
Aethalina	00162c41-59f6-515e-aa16-af5d5f410855
Blackites	00162fed-4760-5b62-ab30-5ae9c8b573b1
Praydinae	001633d2-f200-52de-a0d1-4b77cbb54367
Brookesia	0016365a-a325-573d-8a32-3ccedf8dadb1
Rebbachisaurus	001639a6-1014-55e9-a4b9-faaf3532cf5b
Geaya	00163d1e-423f-5348-82eb-7777a5aa5553
Crossochorda	00163d4d-f9ee-590c-95e2-120ae0dfdaeb
Lymantes	00164551-d327-5389-97d1-2e79482fa165
Ramotha	001645b5-1d7d-5710-9866-ce6f1a6ab51b
Cerithioides	001645cd-d91b-5a30-adbe-787be1bfffa5
Palimbia	00164bdf-0ae5-5d5d-abf7-62f20263e7de
Megophrys	00165421-93de-595c-8c29-590a1ffd7ea8
Wilsonella	0016629d-b5af-5800-a1b9-00a225ee568d
Collinia	0016661d-f993-5189-bb51-eef3ab2c3f24
Discomorphella	00166a54-4f62-5aa1-ad76-d723fb6cd301
Madrepora	00166d13-378d-500c-beb5-3bca6201e8f3
Tylopora	00166d13-378d-500c-beb5-3bca6201e8f3
Corymbograptus	00166f61-a199-515a-b286-105f4959a6e6
Cteniopachys	00168131-cc20-5c2f-a0d2-3c8a22720bed
Borckhausenia	00168848-9964-54ae-9e3d-e6bdbfcc4491
Pseudonanopora	001689c3-d1ea-57d7-931a-47171d7d76dd
Nycteroleter	0016940c-c21b-5202-8bd7-5962cb61ed4c
Ceratokalotermes	00169640-24a4-5186-a63d-93ad20447200
Mansakia	00169b8e-070e-5b27-8413-95d3330e95f9
Testricoides	00169e50-00ee-5701-892b-57c8c3b25baa
Iberotrechus	0016acdb-490f-558b-a09a-0bf15eea5b1c
Docodonta	0016b1eb-03ff-58ac-b0d0-e8c2dd1504d2
Poecilochela	0016ba1d-8f5c-5e1b-b1db-d5f2f4e9c171
Cofimpacia	0016c295-11ff-5fc4-a61e-5ef3e638a371
Baccigeroides	0016cc1f-a4e1-5b1c-a7f4-7b1e467d37f0
Clastostelium	0016cc83-2376-5230-81aa-80bb3e570fe6
Pterodoris	0016ce7e-eb80-54a4-aa82-e61a3ad83099
Microtillus	0016d94f-ea8b-56d2-8439-6fa236ede96c
Tienfucheloides	0016d980-11ea-5d0e-9a68-3275576b8d96
Macroneuropteris	0016da86-23f5-5b6d-97c4-decbc3cadb21
Sellechus	0016e0df-971d-51e3-8040-ce3f46de5dc2
Caridopus	0016ef39-665d-55e1-b781-8425e808635d
Lispinodes	0016f008-96a6-52cf-a756-8a634a0ffc1d
Centrjapyx	0016f454-86c0-5136-9743-587e3e4012c0
Pseudotherates	0016f5a8-124a-58a5-8a44-f76d9de2c0e0
Condylocuna	001707e5-e5a0-58a9-8562-1980308a71c0
Polyporothrips	001708ec-fe53-51e4-83cb-95b7fdec7e1f
Cassipourea	00170ab4-c421-582b-8ac7-93a9efc8eec5
Pumiloweihea	00170ab4-c421-582b-8ac7-93a9efc8eec5
Eupolytoreutus	00170eaf-38cb-511d-85a2-3dc78b688c91
Utamania	001710ff-97d3-58a6-b93c-a596a263dc18
Inikanella	001719ca-bb42-51a6-8357-80cd9b856999
Lentisphaerales	00171dbc-25e0-5ec7-9f6f-60b7d11afe7e
Osmanopetalum	00172a70-d854-5dcd-afa3-b990624874f2
Troctopsocus	00172de6-74cc-5575-9242-663cf23dc8d2
Kuehnites	00173ff4-2bff-5967-8252-fb464387e5a9
Dromicus	0017550f-9892-5791-955f-bff45f090c04
Pseudoxymyia	001756aa-af87-5818-9254-14e0d91c0b29
Poecilophilites	001759d6-d036-5698-9004-b199bfdeba75
Plocucha	00177288-fa62-5cc7-9e06-f1f8f0af2617
Polydiscia	00177f28-be5f-529f-9da5-3b0be4f4bb67
Ototylomys	0017807b-ccc9-50ac-a683-c048f502a379
Andesipolis	001784d8-ecfa-52fd-b7ab-50b7b3abe51f
Pontala	0017850c-3315-5adf-abc4-7d555cec431d
Pedinoblatta	00178774-0e42-56c3-a291-e98e8645ae90
Pseudoholopogon	00179b9c-c1d4-5eff-a8d3-6296c172e054
Agonostoma	0017a906-89f5-5572-8691-a3102dfb2bbe
Thalerostoma	0017a9c7-0610-5196-98d0-f40dd413f5dc
Homoscarta	0017aa03-72fd-51b2-b073-d7b692fd74a4
Amblygonidia	0017ac4a-d492-5a55-813a-8062ca77258c
Bolivarmiris	0017cad7-2218-584e-a649-7dd087e1f6e4
Opsonais	0017ce93-b1f2-5c48-a595-fb9ba0c9e732
Ascodesmidaceae	0017cf89-404a-57fb-bc00-35d6267f93cf
Pachitea	0017d2a6-7779-5b6a-8d8e-14b8c992a45e
Polydorus	0017d912-f107-5a88-8da3-376a3cdb5235
Poechia	0017d955-404b-5a1f-a3b5-7f63426742b8
Scutellatus	0017da37-d653-5058-bf55-18c274568663
Cestrorhinus	0017dfc9-3a74-5455-a53f-2eff8c10a72d
Elateroides	0017e22a-7eba-5eff-b517-66aa483fdefa
Choerilus	0017e31d-25cc-55b4-bc59-adddbbd07b37
Stegomosuchus	0017e5f3-367e-59c9-8ddc-0c3e6771b7f1
Iguanodontipus	0017e679-7049-5015-9771-9ec586fa88d1
Raphitominae	0017ead3-2b95-5fad-8184-aecd333bff70
Megalomyrmex	0017f444-b7c3-51ac-8d23-8074a98aacf8
Cololeskia	0017f5f2-0da4-5188-a486-11c3ce78d9ef
Orthoceratinae	00180b81-08da-5e55-bcc5-b02b99fc103f
Pseudoalaeuris	0018147f-3580-5998-b0bd-b807fe3fa208
Pseudoyatsengia	001818fd-c84e-53e2-885e-02d3a05db6ad
Pidonia	00181c83-e695-5dd1-84cb-938a2f8d99a8
Hilda	00181e4e-3ce2-57d0-846c-2e8f43cbd1f3
Eria	00182fbf-493e-5a38-9f46-95c582f27dd2
Conchidium	00182fbf-493e-5a38-9f46-95c582f27dd2
Myctophum	00182ffe-783b-55d4-b3eb-e21deba59a74
Georgiulus	0018427b-fd0b-531f-b6a1-39f198061f6c
Zopyrion	00184580-f094-5d4e-9042-8244f655505f
Parathranium	00184753-d68f-50bc-b16a-c4b70264fe78
Rhynchotinae	00184b38-1078-5bc5-a5ee-8517138aca9f
Podolimirus	00185052-ddb0-5452-86f8-9fefdddab3e4
Tubodiscus	00185ba4-6afe-5d04-bb9d-36f3f03453b0
Euchidium	00186fb7-1d89-5659-8a2e-50126c6b916e
Lecideacea	00187e1e-b0fd-57c6-ac80-6ccb4866a8d6
Vilfa	00188481-30f1-5b6f-b6a2-a5a97b1b1b0d
Phippsia	00188481-30f1-5b6f-b6a2-a5a97b1b1b0d
Anthiasicus	00188658-e96d-56c4-937b-3f96b5e82b65
Byrsonima	00188797-ce61-593f-ae1c-ab9cbe5e7728
Stachannularia	00188df2-2a47-5cd0-96d7-1359c21426ce
Pegoplata	00188f35-2c83-5f1c-90fc-272b5068bdaf
Micronyassia	00189834-2abe-55f6-9ac7-08bef1c0c155
Calometopus	0018a04c-ac82-5ae3-a706-92b0c89151f7
Eophiuridae	0018a271-55d8-51c7-965b-d6577cd8e113
Seniorwhitea	0018a35c-dbe9-5077-a77e-4709f3d2ea2d
Tenuipetiolus	0018b2af-454e-57ef-96a9-a1d876e330c3
Petrosia	0018b482-3ebd-5d26-aa8c-853d72c07cb9
Pogonoperca	0018c645-a88e-5831-91a1-638867425595
Elettariopsis	0018c999-1460-5a3c-8785-92004bf9798e
Cryptoporaceae	0018cd07-2055-5839-ba07-1dbc7b86ba6e
Juliidae	0018d061-0d87-5e9d-9261-0eef59f39f82
Mongolitesta	0018d773-dd00-54e9-88a5-99ef376bcc38
Myleus	0018e778-8f99-599a-a851-0c4d8152f868
Carea	0018ec38-0b7e-528f-ba17-0ce7bd1147e5
Simplicithyris	0018f05e-2f26-5e1a-b61e-c78317fd29fb
Octophorus	0018fa41-5da2-56cc-9baa-1d4fb0625c42
Callichroma	0018fce9-0516-514e-90a0-45d1cd8d03b4
Pseudoconotrachelus	00190d37-40db-512f-b894-07cc3d1ee340
Crossodactylus	00190f70-b1c9-53d4-a1bb-981ceada63a4
Batola	0019249c-6293-5fc7-99bb-3288a0a306c9
Mirapupa	00193100-9f7b-5811-800b-a1c3ea4cb45b
Cryptocephalus	0019321f-e832-5652-9c58-df58b130f094
Denticollinae	001934fa-096a-581c-9fb5-78836575771b
Chaetodon	0019399d-6729-506a-a640-a43f7dab0cf4
Rhombochaetodon	0019399d-6729-506a-a640-a43f7dab0cf4
Amoebomonas	00193a6c-af35-58e3-be5d-ca7251fe67c0
Dactylotreta	00194617-9a6a-507a-a1b8-205a0d93316c
Stenogobius	00194ab3-b374-56d0-be60-e1265dc57f04
Oligolepis	00194ab3-b374-56d0-be60-e1265dc57f04
Gordonia	00194f84-599d-578c-a42b-e0d406d0f24d
Tontelea	001959e1-31b2-5c6c-abd4-1c97cd604e04
Agropyropsis	00195c5d-4dfb-51c2-ae29-06b6a031d4c5
Pyrearinus	0019672a-aa5b-5eda-8560-7d93dd3d1887
Meto	0019675b-78d3-55b1-ad2b-5a2c1053407e
Diaphorillas	00196d10-fbff-524a-8edd-68b5085fe8e7
Coracopitta	0019904e-7ae8-5bc8-bfcd-ca50aa1db5cf
Prionopleurus	00199af4-805a-5489-aa80-041d5c17685d
Limneus	0019a0d8-cf29-50ea-a5d3-e03c00c32c55
Crumplestroma	0019a7ed-3093-5a25-a54b-bd80af269ca0
Buticulotrema	0019a8d7-f3ad-5212-a7b8-65f1251e47e0
Anthreptes	0019aaca-4bfe-56c7-b82e-a77b2029099a
Falsolikanella	0019b481-de34-531c-afa3-bea62fd3df3c
Helioarthrodibius	0019b90c-a319-5fdb-80ad-6584cdb3cf57
Oxfordoceras	0019b9db-921b-5118-8616-61cb0c15d4b1
Kaimuria	0019c00a-dad2-5235-a688-25537cbbda14
Caecorhamdia	0019c8a5-80f7-5e57-ac01-ad54f9b46402
Vertebriceras	0019ce1a-5935-5afc-9d7e-137dd59bf06b
Euglandina	0019d4fb-de57-59a7-a676-536aebc12268
Varicoturris	0019d4fb-de57-59a7-a676-536aebc12268
Wanshuina	0019d909-71ee-595c-9589-86332832fab2
Moechohecyra	0019ec0c-14b6-5a81-b134-dd98a5e32caa
Fusulina	0019f193-86ad-5315-bf57-aaf3dc21ced6
Bucorvinae	0019f19f-09ba-55ae-a2de-b53eb104ecab
Anteromorpha	0019fe37-6df5-53dd-8617-57973a65cd9d
Ixias	001a0421-77d4-5734-bfa2-b3793d272e03
Mampava	001a0750-2aa0-5eb9-ac20-fa6b28816d3e
Stipa	001a07a7-e5e0-560c-bbf9-c43ef284f316
Neostipa	001a07a7-e5e0-560c-bbf9-c43ef284f316
Asiadontus	001a1b60-81b7-5f00-90e3-81d228f51683
Nigidius	001a232b-6562-5e9b-bc9e-ab75b3bd501c
Saccostomus	001a2439-cca3-5655-9950-c8c2d861ee41
Neomicromus	001a25b1-c86d-5857-96e5-39377ad8a527
Batikphysa	001a2d82-9fc3-547b-9ab4-10d0c839fa51
Eperigone	001a3169-b231-5e49-b7d1-40708a3d4e7e
Hardvickia	001a39b3-cd93-54fa-b37d-50bc83aa4987
Hellerhinus	001a4c30-6f40-5c43-9a3c-ef4a92fad1ac
Cyclolina	001a52db-6472-51a7-a989-e05152a00313
Biasolettia	001a52f6-84c2-52a4-89fb-e7974396c071
Eurhodia	001a534e-c6f2-5f5e-bc28-6766837c07df
Desor	001a534e-c6f2-5f5e-bc28-6766837c07df
Agrotontia	001a57ee-a741-50f5-b1cd-14f811c8f81d
Petria	001a693d-afba-5f15-9919-98af5c67579d
Chthonocephalus	001a6f8e-8fb6-5f26-8bb4-b515d2b46236
Neoeuderus	001a7142-261f-5c1a-afb6-5e59ae15b01d
Philygria	001a729a-ffbe-516a-83fe-b5c0299b9846
Auriculispininae	001a7a94-5d4a-5278-94ca-e9314f323d7b
Dinocorynae	001a872d-38de-5476-ad65-6ad7f8d85f48
Lepidotus	001a8a0a-5165-576d-b153-50bfbe6c6bce
Buteola	001a8a61-9f53-5396-8c92-636f79585b49
Agyrekocyatnus	001a951a-dcbc-567f-af8e-0b1f11474e65
Notochoragus	001aa655-47a8-5ae9-8289-e847ad2ae735
Psaphis	001aa7c1-e1a1-51a4-8c91-432ff0e7e26f
Xyphocerus	001aa89f-16ea-5369-9d80-c40030a47ffc
Laurent	001aa9bb-b233-5235-adc1-4731daa80e36
Arenula	001aab6f-88d0-50e6-ab29-cb711f99053d
Habrochila	001aaeef-8295-5e19-8a11-978ef8d6da04
Loeblaltica	001ab633-d460-557b-a8bb-ca9f4e6a99a4
Lentamyces	001abd6c-3fea-5af0-b7a9-6bfb87e88f44
Dioscoreales	001ac197-dd3c-53c7-bb50-39d160b62837
Praeclariana	001ac492-5762-5e2a-b913-15fd7bc835ff
Narayansaspis	001ac6d0-ab8b-52dc-92c7-cd19c3dbf252
Parabarrandia	001acb96-59bc-5b62-81c8-06374d17e328
