hungarica	a74261ae-331a-5a58-a54a-009782523382
illinoiensis	b7bf2a42-93d2-5a97-91a6-13e4298f5c17
megacephala	da86f5b9-2c04-560a-9ad8-24eba01ef626
macedoi	82a913b4-e680-5746-892b-55ba0c52c5ed
fusca	73fb07cc-811c-5904-857a-8418d33a6142
nuragiformis	49eed628-775b-50ea-a2cc-ad635259b40f
jobina	97c06a3b-b47e-57dc-b10b-664aabe385f7
lihsiensis	45dbafe3-077e-5e8b-82dd-483418cfc2a8
lancea	c44dac78-e34d-55d0-8a27-332f2cf9e016
quintula	62042068-9ab5-51b8-84d1-b21b500ff54d
vermiculata	9961e48d-d054-5fe7-8528-9c1b680fa138
micacea	a98b987d-a35d-5481-a304-8d46bf0cd50d
sloanus	4af7bf33-3713-5ea4-b682-a2f8d3da3404
helophaea	1692a742-fe99-5652-b50f-aa61309df962
socius	5c797625-337a-50a0-8597-c5a322e68464
australis	c810945f-1caa-5f4b-b4fc-8c9d9dea42f9
trialeurodis	7d9d8c55-88ef-5311-99f9-189c3b11b56d
gruzovi	05e7187b-c5f1-5642-aa3b-8645d099d38e
larvarum	7831e134-a88a-59e5-8e19-feb78a96cf92
manauara	5b8f5c67-db70-5062-aaec-0eede19a988c
murrayi	5ef6ffeb-cf64-5c59-b467-980a01b937ca
digitatus	755cd635-074c-5807-9b25-cda3537beb91
nociva	eed9d0c8-4185-559a-9751-907521f96a39
loxias	1fc73dd9-2657-5878-aba7-84341a424740
ulbrichtii	3f07151a-655d-5b24-81d7-033fd0ddca5f
rufifemur	3f3f4467-45bf-583b-83dc-73bd28c16edb
salvini	d85d588c-6abc-5922-a080-de4598b3c3ba
latigulus	9954a742-5457-5f0d-b830-6e918f2a2a4e
fossor	45cba5e3-52db-5fc7-935f-1a902155beea
longicauda	bd04a7da-e081-5936-86fe-b035ef3d3abe
secundus	ed9e5736-0f51-54d9-8c08-23e42938121e
subovatus	c04292ef-ea47-5edf-a99c-a83dd099ae97
oreas	5b59d34b-f0a2-54a4-bab4-1b075abeda6e
scrophularioides	41600e21-3d52-598f-ae37-87e9fdb1f6fd
rhamnoides	aa4fce89-fb27-50c3-a965-8fff9c66e2ff
exigua	e9f30e51-335f-5813-b2bf-b662ca306868
schlaginhaufeni	fe5528c3-11d1-5acf-a69f-3f764fc831ae
spartioides	cfc50858-b4b5-5c90-9395-2c6db69ab34a
fontenaysii	a37b2860-87db-5052-8ef2-83db63818d79
oxyacanthoides	fd1da2ef-4f08-5e93-bcac-2c01b6394817
spinosa	05968cb9-8fef-5a18-9e24-68eec028a37f
tricolor	1392189f-eae9-508e-a4eb-6bb3b56aef8c
chevrolati	d6e9379d-07d0-5aa2-9731-4be56f4747e0
tuberculosa	abfc9386-91b0-50a4-b652-7f02d4efef86
schaechtelinii	c44229ab-0f7d-511d-a5e6-16912c624003
crassata	44cafcb3-ebea-5789-b59b-f1f923228b74
flavicornis	d49429a1-ed2a-514f-a2cc-48d721a708a5
haemorrhoidalis	d226cd16-ba01-5df0-b7dd-7125a40b0b4a
porculus	6f26c36f-305a-506e-92cc-817e43220341
procax	c8ac0809-e73a-55c7-b2ce-1cf68a113ced
salicariae	cd142f92-abf8-530f-a81c-613e914eabc2
hilgendorfii	108e20bc-1365-52f8-9cb9-1f092c674508
nigrum	782de2fc-1f76-5882-8079-003e29b91f7c
patagonica	f023c5d0-c3cd-5173-a3bf-6493a313dc76
ibarii	99079ea9-829b-58d0-a4fd-04789794ad6b
mcvaughii	84c0da2d-0ed5-5d49-8530-5a4f85ed2235
arborescens	4ddf11c5-e3ab-5841-869b-966856367be3
bambusae	5c95f318-1109-5b6a-862b-45d72619fc40
tuberculata	a52b672b-6b9a-539d-aef1-8fe0af4b7b0f
inositovora	bb8971b7-e938-5e17-8b42-ea7198f3b8b2
vollmeri	f6c45f92-5d7e-58a4-947b-1875b39f6dd0
cynops	d8d7327e-3473-5382-bbd9-8db48e30a173
jamesi	af3f69fe-4f9b-5a3d-9657-468d9e3385a4
commutatus	8039e624-2942-5d97-b7ba-99873047624d
cinerella	a37b5b96-212e-52c9-a1a5-f5a98201e6e2
seiryudeeus	15d0a834-8628-5a4b-bfbd-1385b4fcc8f0
clematis	aeee5323-51ee-5e84-aa14-45b1ee604c35
hagenbeckii	b6e86dc1-1b46-507f-91da-753ccd5799e2
fragrans	cd9c4a17-4495-5a3d-a1a9-fa036cd41797
piceae	adae39b1-108b-5634-b74f-491673378e8e
maxima	a8c75424-6a5e-53ff-8bf2-443d50957309
melanopis	7db4d134-be14-570c-bc83-7765c58bfc16
aharoni	2408bb22-b91e-53c3-8e9d-3a840cd49cbd
intermedius	02e9a986-21ad-54ba-9922-31e8435e2f98
parallelum	0d11731a-5a97-5512-b016-7091316d205c
adelpha	56e90e4c-0e91-57cf-b0e4-e393d2fc8317
vagans	3af2b79b-1d31-5fe5-9cec-e0ef96a75bc3
thomasi	8953e876-65e4-51db-85cd-74da0bbbee87
impressus	19bf55ad-23d4-5c70-894b-b3098078b776
canescens	7fd17305-ee5f-51be-8c34-8f5a9193f11b
comis	3da2e1d6-7ce7-5fa8-804d-6ea18906e057
nigritana	ff4109e4-0d0f-58aa-835f-8aaaafffad52
equitans	d1813976-8793-5b70-b52b-5bd689475a76
lindleyanum	0c203b81-bccc-5a17-8a6d-2bbc2254f1e8
purpusii	b149f5cb-42fd-57ae-b2b9-a91d027c2a3d
subsquarrosa	8c462baa-7bfd-5a52-bf63-14f5b7888537
croceus	2f47c8b7-1cf6-50e5-a316-c4df4756ae1f
glaucescens	97d64e69-fe82-50e1-9051-ca2d5828e394
sieboldii	3fa341c7-8fb8-570d-9381-dacca54da7d2
humilis	de749b75-8e55-5993-9d0b-534217a1e31a
meleagroides	18e18ffb-6283-5847-9402-9b2ec57d1386
caudatus	3f7195d0-7a2c-5c03-9832-c87df32e9c56
aciculare	bd1b9a3d-2d80-52a0-a124-68020578df7b
thellungianus	1ab2e2be-b204-59e3-9f89-502cb57950e9
ceuthosporoides	76817b13-cc67-58ea-92a7-3aa4522e2f59
militare	bbe5485c-bf6b-5b2b-a454-527f61c94c6b
tricholoma	052fd91e-2ca7-54b7-a048-ba916c279cd6
hamiltoni	ec748aea-e13d-5fa6-85dd-8fbd1187b009
ventralis	47661d5b-75ae-52b2-b0b3-02038a35eb66
gymnocephalus	7ccc1ef7-2144-55d6-b0e1-26f65d70e5eb
heterolepis	7d4dfc77-e062-5b3b-82cd-7577c4dd80b4
bicapsularis	5cae425f-6608-54f8-854b-44b93f0a3390
viridis	0856d4da-3298-5158-8936-f05fbae9f028
crocoptila	83947ee7-2f7d-5e24-8267-ad4a74171cf4
clercii	bdc540a2-0b0d-52be-9146-48d72848802b
ethion	9502f2af-f7a6-5603-8fb8-7d01a923f704
pecki	99e5dd1c-ff53-5819-84fb-9362e8aeae90
lytata	002571cc-7756-5e5f-997d-dd70f66cf401
dimorphophyllus	cf1d41cb-ee5b-5323-bc3a-48ce7cf00d21
trispinosus	db780c7d-b1d4-5cfe-b9f7-46615f494482
helvolus	2ce24b70-5a12-5a36-91ec-8145f984a4c6
leporina	a2e9ef0a-699b-5bfa-bfa6-0fab54338b31
xalapensis	fd412519-4151-5fb6-8322-0e0d00f96146
melanoxanthum	c31a1eef-a335-5a52-8ee4-36eb9f4afe43
illyrica	2f31afb5-adc7-5991-8893-ab23adf7980f
trilineatus	ae0a6304-7cf7-51e2-8dd6-a18d2d341ae5
verticillatus	424ab4b7-1736-5e88-8df2-3909fb194000
ocellatus	fac188e4-89a9-5570-9e0c-98392ac86e22
punctata	ee7addc2-b474-551c-9d0e-5a12cb13fb88
concamerata	73062e60-6109-5035-837a-1e8b01c2c900
berberifolia	f496fcb5-66cd-5858-860a-e0b441a34b32
ultralucens	8dca1754-3889-5071-80f0-f75e6696da9e
obtectum	ac3fc88b-1c0e-51c7-960d-8d6f604466bb
personatus	f036bda4-7df1-5f81-8b1e-debbbbf55d4d
nigra	f55a6b71-744f-5d32-98d9-4621d27e9836
confertissima	d8436e9d-6d0d-5501-bbf5-4494e3e46277
violascens	8219c1cd-07a8-5a2a-91a0-4336d4e7883f
cerebrinum	58bcc3d1-5f8d-5055-9f64-5a4a8eb58fa7
gracilipes	ac47abe9-ecf2-59f5-ba90-4c8cc7baff4f
longispora	35c1a8fa-6603-57ef-821a-988fcf6031fc
fulveolus	aabb31b7-e0e2-50f1-a5c1-2639d0de52eb
vulgare	40da16bf-bd5d-55b2-bb96-9103a7e0e753
porosum	bf130ce8-64f1-542a-b142-d4ee51547295
atricha	97e5cf12-ae6d-553e-b7a6-28afb443f459
flavidum	bf049288-d3ce-5d95-b7b8-ebf8f687904c
tibetensis	08164f80-a0a5-5694-9d2d-0c210ce8a8da
fuscobrunnea	24677ab9-66b5-5717-a3e6-1d7074fd9447
tritici	5dd525c8-c2af-5019-a5ed-58dda6aa2838
argentea	665b721d-cd97-5937-a807-06ce82b74018
colebrookiae	453fbd01-d8f9-51e6-a926-7a88ac83b8c5
eburneus	bde7a422-4743-51b5-ba04-f62c80fc0a1c
wilsoniae	6abaf6b7-18bc-5ec6-8b2d-d08e89839ae7
naranjillo	882e407b-e4cd-5243-a0fe-0d761b195075
palmense	4d114143-04c0-50ea-bde1-d84dc2b9fb98
diadema	dd0f778e-5033-5022-b129-2f597963f4f7
macrops	24ab4980-90b1-53f6-912c-fdef8f4deaf2
nivosa	c36c8a0c-7393-5105-b2f1-c2b5016e91d8
decorata	ea242650-d8a7-509a-9830-c322886ec65d
nebulosus	d14294b9-3609-5fc5-92ea-6e23765e06b3
setaceus	48c4d1c7-ee20-5789-86e7-5673b0cf367f
sylverai	e1cb649a-698f-56aa-abd1-b5ea888a2983
pellucidum	7f6201cf-a5f9-5e6b-aae3-cf2b1f45810c
linearis	a0a386f9-93aa-51f0-8fb8-6a500ede1d9b
inflata	08c1cc22-914e-5942-b07b-4bd49740fac5
microcephala	a862d4a6-29d1-50b4-8c84-0f7a8bf302ae
tenuis	7b387bd5-69b6-5d38-b0d6-a9cd08ddefb4
inermis	1b1fc156-949c-5d62-8a69-51e5d6be4aec
esmeraldensis	7698563c-9adc-5857-87d5-c373284c3c02
maturini	79f60d30-11b1-50ef-b0dc-231da66c41db
wenmanensis	42291b11-cf33-5a5d-8bea-57463caaa05e
minor	2beeffa3-47ee-5fc1-8f7d-3635aaaf5007
heimi	345d80f2-b118-54d2-a7ba-6401613fd487
fragillima	b756ef5d-b905-59ba-8a7c-428c639bff02
terricola	2a424b5e-d4ce-53ac-9afb-ca68e1e6f2ea
vitrea	9100fc37-65db-54d4-8203-62d66926e519
mirbeckifoliae	1a12a271-907e-5fb0-b213-a0ace002d2b6
glaucum	6aaaf171-d8a5-5f3a-8ed4-e217df07ffa8
mu	0c2ee58c-5daa-5576-9fc7-d0f28bfb048f
esme	f1195be1-561c-55d0-aad7-b08473852e24
wichurae	610b27a5-6b1c-59c3-91f5-e7232284257d
ruthenica	037d8ee0-570f-5ca1-bc07-b2e696012902
setosus	af20005d-1f9e-5f15-93c4-af0bf230ad37
famigerator	e90d2692-4c28-5658-9736-61c30a364640
tardus	26498d96-0fca-5e14-bad1-5fc9a3054799
populi-ovale	00edd6a0-6c57-5e67-8c18-5f3ab25dfff5
meinerti	6d90069e-9f0e-5561-8afd-69af83becd3a
phillyreae	80bf351b-c9b5-5b43-93e0-a90021cf8775
hispidula	397c4e80-fbf9-57de-9236-f1b1752560ba
rapandus	f710cded-9dfe-519e-b337-e706e0b02efd
roraimae	2221675f-ce1b-524e-ab56-3918067d962a
restiophila	d98d9526-08ac-562a-afb7-fdda70f44181
mazama	584f60bd-7a84-58e9-bfa7-0cc8696b993d
glandiformis	91748d03-a7b0-5a4b-84f3-4320e1d8d451
broscosomae	1828d7cf-0898-5f3f-ac65-232325a66281
gracilaria	8f0887d6-db44-5180-81ab-11b9f8292daa
stigma	06a6c5c6-ad39-5579-aff6-798cbc7d11ac
zonaria	c418f60f-2a42-5759-b9a9-870d98db5c21
cornifex	3c7bc4d6-fa00-5552-a463-963646419601
cretacea	44d145c6-e08a-5de5-9392-2b1c15f35db6
fluviatilis	d398b8ee-232a-51b5-8890-323be4dd5b08
diphylla	bd107e43-588d-5f06-93ec-a68259858bee
carnosus	eae83a6c-a93c-55f3-895f-1d27329622c3
flexicaule	7fcc924e-b1a6-5961-999c-9c9368fe4ae6
pallidactyla	63e54a35-0063-5846-b6e7-c7014f3e9fec
montellica	e53bf7fa-b372-5180-875d-7541fd471b0a
inusitata	c955586e-6809-5eff-8ff5-0cb7f9c6b8ff
micrantha	ce514664-93f9-5951-aeab-4985243b719b
proteus	97f90ab1-b021-54af-b5d5-41889db4fc5d
chamaeadenium	944929a9-baf7-5312-8e53-50b113554f77
axillaris	f7048e20-ac42-5a98-8365-1612cebe9704
demissum	fdeab4a5-35d1-5bf3-a6ca-729055665b95
pendulina	2c1977e5-4ce6-5a97-9fa8-7788f7f23d66
spinosissima	2c1977e5-4ce6-5a97-9fa8-7788f7f23d66
griseorubidum	45531434-3ea5-5dab-b7bd-9aadb2e425f0
leucadendron	0f62389f-0957-5fb3-8a0f-9e4f44621dd3
grayi	190cadd9-9e0d-5c57-8d1c-b441ab04892e
brideliifolia	cb99c139-9dc9-55fa-8220-329b445ca319
euryopteris	d00e0e77-16c1-57cd-9730-6e9597a151bb
tortirostris	56217878-c4d9-5f09-8e17-af9452018d7f
macrosiphon	ec65b75b-fa96-55a6-8074-4f3353291a5a
pandora	06fa3f9b-046a-5f53-ba72-72df12440172
hallii	40b29ab8-c02b-5892-ba1b-735a9d1a3b96
polakii	0175408d-f724-5813-b0be-ec92ee690b08
balansae	bb28dc65-dd9a-512e-8f39-835c32aee206
tenerrima	a407cb40-0b18-5941-96d9-271adf7272d4
immaculata	d4f44c09-aa51-5eae-b3eb-61fddd1c4426
rufago	cfe232ba-86da-5d7a-8fd3-81bda1361221
subtristigera	015b7ad4-8aeb-54af-915d-a9d133c521dc
disjecta	7b053ce2-1f86-5a35-8fae-f57282748573
glaucescens	dea28082-fd0c-5c3d-93a8-09353129cd75
pruinatipes	ddb4c49a-2283-59d9-9a83-0392dcd38d54
radicans	30089def-a771-5432-9d9b-64300e8d8792
intermedia	1843f9f1-e508-5195-98b5-76b1cbba3981
scutellaris	c91fb301-76b8-5060-ae74-396cea3f034a
laxiflorum	9844ab4b-ce78-5f06-9fa6-1dab2cffe65d
longepetiolata	00d9b77f-f3d1-59f5-968a-e148cf892510
hartwigi	56cd82f8-fec6-532a-9daf-defd1ff34d89
facialis	9aec1c86-b644-568b-ab45-676388775d3f
schirazianus	fe98fada-79a6-5f91-a64f-456e8e30d972
lucipeta	b0a642bd-1fd0-5fc0-b190-2615637f478f
pulcherrima	cd343aa6-49d7-5291-904a-0c40d3edda5d
microsticta	ef311071-2347-5045-b3f3-1d6376ab6d54
salamancaensis	d1168b2b-73a0-52da-907b-797dc4eb0bd3
costatum	a77ae951-8847-5b72-b86c-45e096c3efda
multiforme	f2adc023-e597-55ea-bc44-b500d1c10885
sebakuensis	9f156246-f8a2-59f5-8363-490ff7ac0276
cyclisca	856b55a2-36d0-541a-b922-a483275eb2fe
limosum	4c894680-5b9b-5532-b01e-a4aaaef2f301
gothica	f2064810-032d-52fc-af43-46eebc23c82e
trimaculatus	8b675a91-6146-5522-8c1c-bbf58c328e3a
olivaceus	17d849d1-4028-56fe-ab3f-7211e42e7991
tylinum	8665f000-1a4e-515f-95e8-a0e636d5417a
elongatus	27da73e0-d91e-5760-82c8-53a39745e10e
imitator	4e45ed5d-38ba-54a9-9130-a4a45929b1a3
ortivus	f2cac724-c32b-5567-ba1a-9aabf9c6676c
pulchella	13171ac8-df8d-510e-9647-5a45eaf3711d
septentrionalis	d15365f9-9817-50ce-bd5f-7b33a58ac633
puella	cb8daffc-8d17-54f3-b788-af5c74dd0d4b
thomsonii	01ec887f-6f8f-5a28-91e8-9972a0264420
olivacea	fc019120-09bb-544f-8dad-8d803ba2fc30
suhrii	12a1ad1f-7795-5312-bf2c-01fc194e067a
quercinus	858bcbf0-f6a2-5787-b9d2-d5ddbd8ea912
imerinae	50badb3f-54cc-5d58-9658-d2d0fbe7e28a
pallide-notata	451d432d-3c25-5b29-8dcf-02c3d41046d2
costaricensis	ba09b368-c382-5e1c-96e5-95c265303c1b
amaraliocarpa	b08b23bb-5060-5638-a829-a0022493b4f3
helanshanica	05567fd2-25f8-5c9e-b018-60f51e5b4050
mataanensis	e7535d73-1c9c-5574-b8fe-7e481fd6f31f
cupreovirens	ecdf81c0-dba2-5985-bd65-26cf86ad02eb
fugax	9e794c32-90b0-5a08-8461-5ee1fecdd1c8
raetzeri	2648cfaf-4d85-547c-ab35-6b5d2ee0a977
partita	4c7f7c17-77d0-5550-9e29-bf8c82d9e2cd
multicolor	7111f954-78c8-53f4-9388-5986509968bc
lentiginosa	148af549-cace-5d47-bc0d-05316a2d91b1
sodiroi	759dedbc-0023-5400-a889-9146d0f8b6ef
weberbauerii	b0f9aee6-f8aa-575c-964d-3fb687107bdd
pleurosperma	b17efeb3-fc05-5eae-9692-0919fa35acce
nigrooculata	03167980-e4c1-5faa-90e6-29854e5b7594
brachycaulos	50abd2c1-905c-5ba0-a799-b625d90cf193
stomandrus	2aac0450-5da0-5c01-8e37-4b62aa5f2988
longevittatus	cdc00d5a-4591-54c8-977b-dcd19f541d24
europaeus	b8e36810-5000-586a-8ee4-867613dc14cd
confusus	549fc136-6a5f-59ff-8827-d6464650f982
olivieri	8e8c5aba-2f77-579d-9015-1d219476d68c
conwaii	ebed85aa-93b5-5fd1-afda-1a66ccee6ae6
bacterium	c53b064c-5056-51c6-b917-e7c4b5774852
foveolatus	d0638dd8-22d0-5067-9cb7-68d5cd074d3b
sulphureovittata	bf679eb9-f493-5177-879a-acd320fa8b8b
septentrionis	4814e05c-87d0-5ef8-b06c-178a0ade490c
gausapata	c80c7cd8-27be-5e00-81c5-63a484518497
maculata	3b6d63c5-e952-514a-b5d8-b068d110d3cc
australis	c5e12092-9b62-58ab-8de8-2918ef9b462b
erubescens	650c07cc-60a3-5f6f-a2d7-43b86a69edab
jinshajiangensis	bf6e9335-6237-57be-9f83-eb185fda6cba
sibrica	5f18e2fd-78fc-590b-b4b4-c453c888d297
apicalis	1ab7a5cc-5796-57ed-aebd-ce359711e8c3
psittacea	926d48f3-d1f2-544e-9f2f-b23cb0189ff4
inflata	b12bdb80-1ee4-58f0-90d4-b1b2faf6e11d
stricta	097ee952-f5ac-595e-9cf5-30e16a063537
brevirostre	104d7b95-001c-5f56-81d8-e1055600c7b6
howellii	098cd33a-c793-5bb9-b01e-8f1919fb3d62
pliopterus	e477d1aa-92a9-5982-a7a6-957f696a8ae4
catacuzenium	9ae09a94-75f5-5ac2-8f79-89984c3ecae5
leiandra	9c2fb05b-b298-5d29-97f0-929526453fdd
plameranum	b71c5452-1ffb-5577-b4c9-b89d6ab59c88
parous	69bc3a3e-1447-5706-b115-e14fcb844e5b
attenuata	24d0a19c-c90a-5019-a8ac-c500bc3bbea9
uniseriata	0c61f5e3-065a-5304-a669-51bc3bc77bc6
rhombias	d781f211-481b-558b-8691-86cea683c3d6
traversi	3fb301cb-a62b-5e18-aa44-b62c06f1dc52
clathrata	f3f5ae11-e043-5ed0-a815-683ed60c1790
pubescens	de5d034f-fcb7-5464-8bfb-ba887a05ea20
hybrida	1708bb12-3ad8-5e80-a581-99480936e807
wilfriedii	54f7c1a3-6e1a-5804-93bf-7f88790d35f0
radulum	840b75b6-b0a0-5ac2-8004-4360e76b8147
thyrsoidea	561127c7-0b79-58ab-a877-a6e1e15d4a78
williamsii	16063202-a85f-5f63-884b-20bc64edbd37
littoralis	476a8396-0b7a-501f-9135-98ce69cb889e
sharpii	2f04f704-334a-5e0b-99c0-d07497524a40
lanceolata	0a8dd1af-6272-589f-8826-b9e5a750dc78
levieri	5d86a8a3-2f97-548d-a2cd-980b98417037
convolutaceum	ff084f57-9c95-5144-b73b-97ec87c0f919
flexuosa	db388ec3-b4b1-5f2b-9b19-7aa154373908
robur	b5c7bfda-4e1a-59be-ad86-5b09b9cc1eba
spathicalyx	02f2acca-d3b3-54e8-a7c1-46880b4c9e80
arrectus	05fd5826-4380-5f50-85b6-1a037deed03d
vulneraria	9e801a51-6640-581c-b7fb-7a24e232c95b
villosa	7b947aff-a2c1-51ca-9fe2-d79a41f846c5
puberula	67a7e936-1431-5767-8f24-f3c980bc3d98
heliconiifolia	8efa965a-5b21-5131-9817-29a6ac496e74
webbianum	0c3e6956-cb3b-59e3-83cd-713d79949234
splendens	88084dff-212b-5333-afa1-c750708dffbc
sylvestris	f0510f54-dbf7-56e5-970e-b0fde902789c
trachycarpa	d4571b4d-8675-5a9f-ba0f-2a62a7667367
stewartii	387bbb9e-e741-5473-8853-b220aef3ffd0
acuminatissimus	16c734c3-2936-5494-8c1a-b86c3ef14975
integerrima	b54025c3-bc5b-5db7-a60c-b9cf65c235e7
minutus	a67a8e63-3912-5cb4-837a-ed6a3920ee4e
foetens	d509d6a9-4b07-5f28-97b8-1468e251b7b8
aquanigra	4e11769d-ab3e-5117-8142-317e48ecdeb0
yattanum	33429a1f-abeb-5d4d-ac01-8cf87d7ecddb
kogiorum	8a3e6e34-4965-5c9c-b992-accfbaf0d79d
andrei	0f428713-2a4d-5af9-9055-b0516bb707cf
aurea	c735b0ba-a3aa-534b-8d24-919d17fe956f
indicata	752df553-0f41-5d30-ad58-2ea11dfd54cc
iseres	c78c48a8-3b22-5efb-9ecd-4d7d3939d382
terranea	b5c58f0a-fad1-5c53-8015-1f63c3a61dbb
discoflava	c955f3ed-d0dc-5058-b8c0-1d82927fff58
polaris	854d236d-1a35-5abf-90e6-ac9c4c851075
lineaticornis	6c02cc21-4ca0-5dce-bdf9-9b3aa5782a14
lecomtei	06605975-ac7b-53aa-9d3c-a84898f7db50
manipurensis	29a9aba6-b13b-5276-9c44-c97768d87317
raffrayi	8d6d220b-0bad-5186-bce5-c3598410ff89
intercostata	5b204032-1520-53a9-8d68-e2b61bae8228
fuliginosa	8905dd35-2c1a-5dc7-9cc7-efe7c8c9daa2
pica	c3af8fd6-7cfc-5c04-9b0d-d67714a0b405
kayacensis	a8341d7b-23bb-5c68-967d-867e75d89365
pilosior	25e444aa-3393-5f62-b066-c34d05f6e567
scaber	349417e5-7187-5371-8252-1704cdb19177
przewalskii	8fc2ec6c-548b-5086-8b92-4ecd90a47466
deplanata	18001122-757e-5a0a-8e4d-707c23a7f57b
inclinata	7d5422b1-a422-5a2b-aab4-7bffc370c865
gaieri	998026ee-52a9-57b7-9086-86a997f7ea56
monodon	198c4355-d19a-521e-be65-030b57627936
rostratus	54c35db1-0732-5a80-842d-cb6ab654a10e
punctiformis	05d53ffd-0578-5f0c-8900-aeeb4b287fee
defiguralis	06654cd4-e016-530a-98bf-28589acdcbf9
pranizoides	7bd06d48-5955-53ac-b89b-c5f3bdc11c7e
sulcata	f0854a6f-559b-5336-9598-9617eccdc1c9
gaudens	99e43174-e5ae-5509-b97b-bc59f30a449a
gredosanum	db5b9abf-36f1-5463-b447-d924d55d943f
armillata	a0e54396-6df9-5c85-bde4-eb2d1e936dd2
nanetta	d71a3763-5f0a-5f61-9822-e057348c5c18
quadrisulcata	b0ca8808-8b12-578c-a9b3-1992f19ba3bd
fimetorum	1b4cbffd-fa99-5590-8a6c-77045a6e3080
ruffoi	38b19031-662b-5521-a11d-866207d6a829
granulosus	d11a1108-a42e-552b-b442-e10bbcc9a94f
poverella	df750b60-c0a8-58de-a16f-35cbedce8dda
monacanthus	e427fe65-b633-5778-b3ce-1e1070015a77
trispinosus	5ca7d711-6926-5715-8d0a-f55f2aae8e0a
horridus	b701ec9e-efb0-5d5b-bf03-b920c00d0a77
vivesi	6967a781-e2c5-57e3-bb37-6bbdcdb73aa2
frigidus	7218c0ce-26e2-587d-8643-87ebdd3a8af7
parasiticus	b5c4517b-0be1-51d8-94f9-43f7eec28611
minor	5d0ff32f-cf5b-571e-a44b-07dc30cb7269
atlantica	1e835765-a41b-5a6e-bec6-a09e8a44b8c0
platysma	1ebaada7-cd57-5bca-8b73-40dbb62ac4cb
cubensis	53d19fd9-e5ab-529b-b576-9936ee9219d5
macropus	187bc552-c92f-5e4c-b0f4-f3cbc697a2dd
saratji	384ac654-b959-5f63-81bb-90a92f0fbdd0
icodensis	5bb68084-9f9a-5d82-a26b-90b2232a7152
sumbanus	6b43aa9a-85d5-5dfe-b8dd-7bd83bc3a5dd
minuta	f00ed8ef-53a0-5aad-8cea-b0372a8fa3f3
indicus	9844384d-a1e3-55fa-adfb-98c2ea5b86e7
fruticosa	87535e20-f6bf-5c20-9215-5a1a30910f78
baviense	44c40e68-51bc-5620-821e-5eaa72c6915d
bookeri	a1652c8a-62e2-5174-8cee-772be7595d6c
callosum	1bb97c1b-0899-53ad-b522-94170b3cba32
isthmius	ed194e9c-4d86-59a0-8df7-f208d98f2410
gracilis	c27fa2e4-1182-54e1-8f0d-4392fb1d232f
longshanensis	454f2257-4d70-54bb-a650-5e040d135e0c
ferialis	61b13662-11ca-5f4f-8635-020d4e4084c6
heptneri	e37c783e-f62d-58da-a4c0-a9aec22ea358
antinorii	18cb533a-5877-5a83-a63f-4f8159250e5a
bakuensis	de72563d-b817-5e96-af86-433efcb50088
venusta	1545e41c-3f3e-5461-8ba2-367d3adb9ce7
expansus	f4a10813-aa2b-52b0-8858-f5c098e85f28
pilisensis	77e59e52-a741-50f5-9cc4-fe284a61449a
limicola	5cc183b9-4d19-52e6-bd30-5f1830eb96d6
reginae	5ef96159-4de1-57ea-9152-986aee2552b9
kiaeri	0151e4a8-d4a7-5c89-b144-379e1e80e971
parkl	cafb22ca-aefa-5fb1-b7d5-e139fe847fcb
sunakozakaensis	6927e489-7a9a-5014-a08a-f1c595cd3d26
concolor	3cd5c9b9-a1ef-5fdb-ba79-0d2ba4dd42dd
haarmuhlensis	7e705cca-5be5-5eb0-a06f-48a4150deebe
kohnoi	fdf0ea0a-a83d-5dd9-bbc5-b8d505a4b615
ferrugineovittata	0584d16a-dd5e-5dbd-ad97-2258c32b42e2
soltanensis	0b24e59e-60ce-55ff-b0ef-84143bed1bbe
subnotata	6f5805d9-f82d-54ea-80a0-9c8427402792
sulcipennis	9d964c9e-8edf-59e6-8a08-81798aace3f5
lowenstammi	5fbf3cff-be94-5937-81ae-75e834fb2d20
lurnbricoides	5d9d5119-c4e1-5070-ab8a-e4cffd4136ae
folliadorum	70719f2b-77e9-5a8f-828b-62ecc33055df
subcrassatellata	47945c59-4872-5da9-b8e1-4ca9282fa566
steinhornensis	083c8528-b7ef-50aa-bfe7-48917417cc1a
galii	193d2fe8-6711-5889-b8e8-c3aee5d0d9c5
arcticus	0bc41aea-9d02-59d4-8d7b-c33048d61dde
apicalis	71452e7d-7c11-5b76-bd10-6fb8f260bca8
schulzi	a5276469-196a-52b5-b365-893bcec7822f
opacus	2fb0e72b-e0dd-5e59-af9e-72730014d2f3
pilosetae	2784def2-693b-5044-bfb4-83833fab7582
milloti	986d8298-4ec8-59c6-bb15-5d1c93a7c91a
infuscati	d5b11c0f-c6c0-5b18-9253-2c7cd9999536
gryllotalpa	c60a8c27-71ef-551a-b30d-c6222878d233
sulcata	ad6e9252-cd7c-5135-a0f7-70dcc891b75f
pallida	9fa3494b-956b-5bd2-9df0-4eb041aeadba
grassei	34657dea-46d8-57a6-9033-1fc12a6933bf
depressum	d3d321cf-3ea9-5d24-bab6-39a43566c271
donaida	77da0571-ffcc-5526-91ee-91cc1b1d46b4
sexpunctata	219a7d7a-feea-5307-a6d2-367e2e3db254
clienta	fb39480e-13bb-5f31-97b5-b54bd08acf98
apiostomum	67c60a92-7109-594d-bab4-08990dea8c36
stuhlmanni	d7ad65d1-1d1c-5413-829d-d871663fc1d0
lennoxi	739a9ad7-421f-561d-b132-48fced716f92
phalcidon	5ad527b5-e685-5864-8b5e-facb6348cbc0
felinus	9a09cc01-2b0e-5538-8ee7-b1e6cf0f74d3
meloui	97c3c622-82e7-58a3-9ebf-2163825326ec
steganus	5f19f7a8-fb16-5aaa-ada4-7b8e7a6633d0
obscuratus	db3778c3-10aa-5c52-aeb3-f1fd79fdbc32
inopinata	fa38fd87-109e-5ca0-ab72-acd328d67209
bipenicillatus	0c1c5e27-33ae-5d22-ba8a-f4978d4a3811
maxima	e83477ca-e562-5805-bdf1-d0455df3f0fb
capellinii	8feaeb55-414a-51c5-bd5b-d29926647d8d
oequatoriale	6843633f-8048-5957-8f98-c49f3c04a5ea
fathallae	86c8a295-d6e5-5068-9dde-d9c9ebef8bd2
longiscapus	3f438f62-2c41-5433-92df-f76272e0db74
puncticollis	c5382838-11e8-5e73-812c-9bc575dcf585
tranquebarica	537da8e9-8795-59b5-9dbb-77c0f62c7173
minor	62acf659-59d5-5db8-bd0e-3cc62feb6c22
intermedius	052f0577-e890-5391-9960-a2e2665de4c0
dispar	a3c47502-f44b-5ca3-851f-267f6af0fc8f
magrettii	3848f40d-1029-58c1-b2d0-dc12caf12056
vaillanti	09e91e5a-689e-5801-ae2e-baad75292e1b
galiicola	8c326e45-75a6-5982-aea3-c628ec6d6940
pubescens	d23242b1-d096-5bec-9e37-9fc7749b4ad5
interrupus	0ff36887-814e-5f2c-8e67-2732f793da93
crenata	6b7c8d34-dc7d-568d-8c8d-f30e306b07c4
perplexa	b2c69155-4584-5f14-96fe-42f7a90ddfd8
hecateia	15246f72-34b0-5d49-a836-94a0f327695f
appendiculatus	d85b988a-4493-59c7-a2a8-b3e57d3d1340
diligens	35315a23-ba3b-554b-8b37-898395ac3772
germanica	d490f93f-b7ed-52ee-ba02-7ecda068cf39
ackeryi	2f9e1eb8-9a9a-5926-822e-a24099f8810f
shawmayeri	cbc68998-c2aa-553a-96ed-8d8cbec511e4
sumbucicola	acb5161a-a931-5b0d-abdb-9ca55d4c6bde
mariae	e7980985-8420-5ba5-8fdc-2571fb79edd7
olsoni	4ebf6dbf-f120-5352-ad61-acd610af4a58
daisetsuzana	bcfeb683-4ed6-541a-a274-edc2c282211c
margaretae	088c03f0-8604-538b-b4c7-cc4ad4d1db93
zonacaciae	e1d5ba62-da46-5462-a9d3-fbfac00a608d
oberthuri	4c5c9cf7-69ed-57dc-97e9-b5ca239f4616
fuscescens	15ea6bf1-c211-5eca-ba74-5dc40367f1d2
plebejus	d2dae173-2ee6-5c33-9eff-68d299b9dc26
pleuricausta	4b3df328-d939-56ed-b6ab-7e010847eaa9
schmidti	d5513236-6180-57b2-b7bf-4a59f692de0d
trisulcata	47287510-b6b1-56f6-8684-1448d79d5641
platyrrhyncha	24de4c0a-0d07-5829-b9bd-490202618bef
nolens	89deb68e-0459-52f0-b370-d234076f78f7
adpressa	72764942-3211-5aa8-8f86-0758c3752476
undulatum	2f9f7576-9cf6-50c9-83da-ef8dd2f90e78
tetras	bda90f93-7a8b-5f95-8ab0-fd40c3d6ca9f
acus	c28efef1-9493-5a19-b0da-5e8739aa535b
pini	9fe9bbb9-db1e-5f5e-aeee-738326f7076e
pectiniger	55a2176b-b941-5ed0-8394-ac7adcddbb4b
ionicum	91b43999-43cc-5acc-8c01-ee597aacca53
pomariana	c20e8bda-830c-5020-b1b6-048fce824234
multiflora	40829840-9661-5db8-8079-ca5048f30c5a
parasitica	14983f36-cf59-56ba-a18f-20f64a5f7727
sulphurea	303760a6-b136-523a-968a-1367764143ff
erythrocerus	c0f5198a-bcb0-5a81-a742-569c65ffbd56
arrogans	405b2394-d89f-52df-a5bd-efd195f3b33f
deserta	2dce17b5-0707-521e-a702-46bc2dfa3d47
bifalcatus	231e2a9d-06ae-5601-9933-bb4d31c8754e
longifolia	c877b6ff-19fd-5612-b769-fa4e606027e9
variolata	41ecdf58-9cc3-58fe-85ad-35cc779c3b65
flabellaris	cdcb48bd-00a0-554e-8b93-b8f3edd91444
baicalensis	a7266c3e-7938-57a7-ae95-6d8f16d3846a
allargyreius	029bca27-9cbb-5b23-9811-1d44eab18d51
palmenticola	aecc344a-68cd-5655-8139-31cc2c54b4af
latomellitus	33e232ab-9fae-5eba-8645-bcb5e35931a7
fuckelii	162c2335-eade-5c8b-844e-621fff2f62c2
rutilans	7683baee-f7ce-5b34-af72-d88bb154da9f
stipularum	23ac79f2-1a35-522a-b5e5-78e6f785c22e
coracina	f30f767d-20bd-568e-8d81-0a22cbfb49d0
torulosus	21a4babe-a866-5aa8-8113-d31f1af4771f
holochracea	7c214121-74df-5004-b998-de92ffc9f45f
peckii	982f1054-ae62-558b-8389-f5ac8d414157
flavelytrus	8cd48d33-29a4-56ef-9240-743633e4678b
subalbulum	3afdb78a-59eb-5aa9-b138-561471e8e1de
compressum	a4ba25e3-2af2-5c0a-98d1-b1d257bbc459
hansfordii	2cb27b4c-16ea-5d8c-ab89-158a3d9da44a
hoheriae	53e370f5-8dbf-5612-972f-7711b35dd3de
aeneipunctuatus	1da09b65-573b-5cb5-996d-dd7f5da6e55b
sibbaldii	4d412112-b2f0-5f98-876b-e186de6789e3
displosa	74579b37-889a-5cc5-92ed-cf9f6aaa5098
argentinicola	98c07b74-15a7-50f6-bfcb-b02d1ac58e0d
bodenheimeri	55f566e3-15c2-52cd-8bd7-386dad820d15
obliqua	73ab18ae-05f1-55c2-b326-eeb8df1208a6
ligulata	af4da0f9-a124-5ec8-9e34-387a7d69c1ec
nigroflava	3e4b96ea-27ea-5303-8663-64fb216a0e24
nigriotibia	0e781a71-0ddb-5145-b467-3da9e34993c0
quasilineata	532d4ebb-e616-5759-9cd3-76ea5604832f
restrepoi	5f047b39-3ef0-5525-b0fe-92de7c12068d
ignobilis	78478c38-6cef-5dca-9358-4b721b097f8c
oriens	3259afec-24eb-5f12-aa72-69a35f9e14e5
hirsutum	008152f4-c624-56ae-b07a-919ddaeea9f3
nodulifera	763b1f3a-86c7-5f47-b001-2f502191ee2b
distinguendus	384398fc-9d35-5a9f-9df1-d27d43c9c445
bubrachiatus	aa9c4f66-d2e0-5c94-86ef-2c6e8ebef7a6
fuscithorax	b6732c26-546d-5c10-852e-178654321566
melia	30cbdd9f-ae40-5512-9a22-aa5f937a299b
albifasciata	93f178e3-c341-5294-b495-a18a2e62bc8b
gynurae	81e436f1-1fc0-54d9-acf1-f41730db673d
diptychogastra	81af9e32-4b11-51f5-aa16-b56280316d60
ardwick	679d0041-d225-56d7-a729-cd65f15a9645
mucronata	fe4f3f94-bd46-5047-82b5-744269eef24a
festucoides	3f6ee933-93eb-5d77-94e7-ed3b409e1c80
patrioticus	bb8675c6-9b62-534f-9cc0-776277cc9253
zurra	0314497f-ec07-5a5e-b176-0af0beaef629
melaina	80cb3ff6-50f6-5811-b2b1-d7c0769e3685
flavopicta	134d74e7-8c5f-5c08-b465-50825b2cffac
calabricum	eda27a0c-d08e-51ce-af9a-b0dab4db79a8
mollis	6a917957-a012-50ca-865a-6c922a2a6458
foliatum	f1f307db-2ff6-5388-861b-fb169f46b0d9
albosetosus	3749d56f-3b3b-578f-874b-9da10eddd835
obtusata	21118645-d1f4-5e4f-a300-410bf493e12f
medvedevi	a7b92002-a807-54e2-b1a6-ebbbff1a1754
sarotherodoni	3ce08960-75b1-5866-9411-42433cf9df73
binghamae	8660a26e-ccf9-5fa9-9b6c-8ee66c5147df
scapulifasciata	7ca46b78-f539-5b4c-a0cc-e9f768a97ffa
tubifera	d383f796-a4a2-5394-8171-05205f570d2e
grandis	845c63c5-1ff5-5f4c-94ef-7606b3b5c050
sanguinicollis	4b00a076-0f1b-5a4e-aecc-6e38905a848e
macra	46f1f294-65af-5403-beb0-6498de49b00b
clinosteptatum	6e524bfe-ff41-579d-b6d2-3a1f29ff2e13
varicauda	3a5e1118-cd19-5ed8-a03b-9f2dbd219994
nipponica	98dfa618-a08c-5c98-b877-4318b930f4c5
spinosissima	3e3d28c3-c7fa-568f-9499-49eb81f80cad
cornuta	52ac6f45-07f1-5b86-a2d2-eade7ef48dd5
multiseptatum	ef066e74-f67f-5a93-b7f7-1b6b09082e9e
shikokuensis	614072ef-5ade-5010-bffb-b900cadebca2
rectara	ff4b2e8c-d13a-50c6-8d05-1f7e29efb16a
prutensis	e08247fd-c375-5e14-8a6a-eb1343e2f20d
natalensis	59116f13-19cd-59b4-9f8d-7d94e0d23001
orulganicus	26d956da-378a-50c7-a110-b4b17801f145
bibracteatus	11ea2a8c-9838-5eef-be54-20298db16dc3
argentatus	cadecf86-0d82-5dbf-8a31-0ba3e4d46dee
macdougalii	0ddbe842-da96-53ed-b35b-cc0162ecba56
semitica	80c8efa4-98ff-51a0-8aa3-be24bd3e63c9
ardekanella	107000b9-f724-5ad7-9f3d-4e459fb37fdb
prionosticha	1e303d47-8fb6-5b36-a640-cd3b60124808
zea	1d299b30-efc7-5a0a-86a2-3865c52ac6f7
halese	391c6c20-d86e-5049-a3f6-9f74d0841111
orbiferalis	6fdf74e4-c0b2-5a26-a749-c4a533ea3090
siciliana	12a0ae60-0c52-5e2e-ab5b-f504f41bbe80
trilineata	14d52505-b7c6-5561-8734-fbbfe571d65b
ferrifusa	b961b19f-1f56-56a6-ab83-c80bb92399c5
ectopa	c6491772-026a-535c-9ea3-a6a6921b77b1
beltukovae	cfab2d2b-528f-5ad4-ba06-563022426d7f
congareenarum	84fb0608-7975-5de2-a7e5-e769b336d9f2
crassicornis	83ac1f5b-8046-592b-8813-7416c869f455
fimbriatum	6448a3c5-7cc5-5a2e-aa2b-51296db572c5
ericoides	5979a058-b831-5298-9dde-1a4cb1af63c0
menziesii	a4ef2ec1-7aae-5152-ac23-e8659d8aadfd
montana	8e7739bb-b825-5433-8683-a631fae98c0a
dolichopetala	773d20e4-9278-5e2a-bf29-6795eb385bff
europaeum	36403bbd-5961-5afc-85d6-65fb5270936e
trifolia	bab9a6ca-48ae-5b2b-a608-c3ce951cfd9a
fremontii	23bbeb09-e5fe-5b0d-b463-3e652f8754ea
nemorum	70a7585b-9429-582d-8a40-0480672a5ce3
spicata	fa6d18cb-6d72-574c-af20-a78f1cbdffe3
myrtillus	ffb2d8c4-313e-5d2f-8975-f0474b62a03c
angulosum	38cffe37-3811-569d-8559-11e193a2507e
bovei	dbdf2506-6ff2-589f-b175-1095b8f36ac6
thurberi	110edf2a-5439-5f29-85a1-feb534707deb
confinis	f8adeeb7-ad0c-5cf3-9b3f-9eb57de67c1b
robusta	75532bc7-ae0d-546f-87a0-c5b70a5b635b
arguta	0fdfa83c-b1e1-58fb-851f-ab7ff136174d
congesta	20a83a2f-26ba-5971-bde7-9392e55baf93
cordata	b2ae14a9-fa47-5cff-bae6-16d28c376220
pusilla	82eb23e5-304b-5861-b18a-d985dae04e90
angulosum	29efb79f-1456-5750-8b54-b749425dba8c
radlkoferi	d0eaf5f0-4305-54dc-8dd9-d77b97256eea
tarijensis	2cac6db7-2683-5f5f-991e-4655c23d9769
glebaria	cb23f4bf-39b3-5025-8270-2b307c4a9831
mindanense	d1e097d7-3178-5929-9449-92b07e5551e3
vulgare	95b262ad-c84d-5365-bde8-c5eab600358c
villosus	83c32c0a-75c3-5716-aa52-d9fb7d5c7093
spinulosus	a790c8d4-e644-5925-a010-ad7bae346a2b
wagneri	4df60d45-a593-51c4-9a15-b8b3025a86f5
cespitosa	608b81a4-22f7-5cf2-9684-f34a151064b4
mombassana	bb742a66-9929-57ab-86fb-13d130af724b
lendigera	0c450d10-6df0-53ed-bf58-8147e6d49834
confinis	f445819b-b2ec-5883-947e-4f1682ad453c
fuscipennis	e90fb53b-2773-5516-aa17-e665f413ef0e
concinnum	149231f8-2654-58b0-9df7-b9bba0286c6b
dormitorius	0a884214-168e-5d54-926e-769371f81e32
wyomingensis	960373dc-6a84-5be1-8d31-618f4b781909
regalis	5d3f86c7-3508-5da2-9260-17c1d383642c
munitum	4e99a606-ea4e-5da2-95e3-4525cbfabd83
scabrosus	e275d133-1b0d-5961-a2e0-dba4a141f021
tenuicornis	d5249e0c-fb84-56d6-808e-4b1008dcd72c
formosa	8d3d9de8-d5e2-5230-ac94-11b8ee653bcb
brevicaudatus	5a61a280-1a18-5326-b8fe-99925cd2742c
boreale	a55ea837-03f6-5102-94fa-89b6af1472c7
chrysoptera	5fb2a325-111f-5482-8e0a-4e305638f660
montanum	96ac41c0-9851-5d3b-8fc5-a5027da154dd
cinerea	bf334a4a-f78a-58a3-82ac-833e6c37d7a8
acerifolia	5427437d-84de-5ace-a74f-e3354120ae39
falcata	231f7430-2e12-5e3a-a1a9-e384bf971538
antarctica	b3b1e193-c1e2-5158-9cb1-3ec151519fdb
membranacea	9e173e3e-216e-53d5-bb8e-dfe76f0af985
globularis	ba5b153f-04b7-5f42-b8c9-5e5c71d74f26
borneensis	536e2daa-6f6a-52ea-8200-fc0bb0b9bef6
globulifera	ba9fccc6-e90b-5acc-8e8d-5768f5673fbb
epapposa	75a26514-bf25-548a-bfc7-10be745ebbf9
viminea	6c6280bd-bb35-57cb-ba07-7a5470cce0a8
subopeatodontum	ab73178a-7b1e-5a77-a2b9-b0071817d626
littoralis	7de81992-9452-5b31-956b-742ae3d4ee84
amphoraefrons	3318d94d-7255-5e97-b5c4-973d69ad8095
diluta	425b396b-cb63-5c31-a972-99e60db610b6
corsica	ba99324f-4c0b-50b4-8264-e136dab7c6c2
theiformis	52829e33-068d-5331-88e0-c268a30dfcb8
brownleei	e667a444-de0d-55de-9e72-aa1a17674d60
sempervirens	63368a08-f1e9-5d8a-85c9-f76e7ae3d526
vanderspuyae	e56c6977-7584-5c4d-8184-f1db5a3e55ec
czetyrkinii	cf2b9789-8630-5d21-8a6d-fae7df44c78d
campanulata	2e52b784-99f0-5ed3-a77f-8e0fe8ad662a
lavatera	66e78d47-aee8-5748-853b-311e9f83b43b
multiflora	cacecef4-6c81-5145-a555-9b375c540208
kingiana	693e70e1-b94e-51d0-878f-006b2b8e5164
finlaysonianum	b64718ab-0d34-562d-9b64-cc0544c4baff
hebetiramus	1b854e12-b17f-5871-ba56-4f4f7ecc9b4b
welwitschii	f6de5267-238a-59c2-af78-9d5b6f28ed8e
spruceana	a9830292-ed5e-5736-b767-e2cdf75887d8
atlantis	f99b12c8-a8d1-5dfd-bfb5-9b98981c4466
tricerosperma	a791b7e2-d3ec-524a-ac19-ddd1d987d57d
nivalis	a38bd295-3078-5ae8-a04e-acae7d9d9bb0
flavolineata	d0770161-4755-5a00-92e1-058e4f4295bb
basirubra	39e97e76-a155-5be4-8229-74895ae11803
tortus	07ddf16b-4010-525e-bf38-ef858239f8dd
shiptoni	c5055374-f17f-5373-a9d6-f5dcd0afe9a4
altaica	a8bece71-8058-5e08-9d4e-10754c9814b5
tequila	2481be53-60a1-5b29-be62-af3fb389bed0
obliquum	802af695-b434-5a3b-b13e-7f3977031cf9
laticostata	a3819bdb-028d-5f1d-b41d-02429bed4c1b
racemosus	999f1508-ca37-56d9-a46a-703ad543a068
distinctus	42680178-6047-570d-acaf-f7ba691f8492
holosericeus	fc0ec182-e2dd-568e-befc-6692f73f3fd3
decora	aea03465-0169-5b02-8ae1-ed7f7f0bdffb
philippinense	08514100-af6e-5e12-86fb-3a77e128e7da
abramowi	3443f43f-be1a-5f38-ab16-3ef3ed2ed7f5
breve	035b8cf1-fe3a-5027-b0e1-674059795672
crassimurus	2d23f991-d2cc-5815-9842-084a5fbef060
sibirica	e382c111-ee5a-5959-82fc-10181144e849
africanus	8f8569e1-455f-5bbb-bcde-d8917beab571
modesta	bdaa793d-b85b-5a2a-920b-b6b9be7515b7
wyomingana	210034ad-804f-542c-ae38-6038d4e7c9f9
alata	d97335d4-6480-527d-8623-2d291d997a08
penna	3547e1b2-c1e6-5b2d-af84-f680f5939a98
hitchcockii	fd969871-f931-5acc-8d91-99903416d732
cythereias	5123532f-cca4-5e63-9565-d78b19a649f5
unicolor	75f4d522-701f-5a43-bbd9-386182791bf0
lanceolata	38023bff-4c76-5041-b4c1-b831c4c8bd72
anomalum	d4b90fcb-667d-51b4-956a-cce1a6ba69a5
angustilepis	8f023300-cfd5-58f8-99af-fb6ad269ae9d
teres	a60ca8a7-013d-545f-90a7-ac9b19162a6f
mossiae	2756cb42-f4d7-57a5-8103-a770b1af1df7
atropurpurea	534b9117-6420-5d6c-afe2-ed202ef2af2d
dissipatus	d589bbbb-b346-50ca-8226-da299da5201e
uenoi	70392255-c119-51c6-8f05-0954874c35da
opacula	5b25d037-829d-5249-bab9-3d8c0a7687e5
balcanicus	76fd2592-b3fd-5486-a771-5d18c6d664c6
guentheri	822dfa84-32d4-502b-adce-88f36a3d5727
cavanillesii	3b3961ba-8a3a-5fef-9592-3adf1f5991eb
iodes	ec62f2d4-e6d8-5c96-97de-55f47f73c213
sarsii	e26813f2-a93a-5db6-8e2f-6707d1e0be53
rebus	62c5a237-74cc-56f4-aec3-fc0430bfc7a0
praecipuus	435218f6-e3ef-57e2-ab1b-49736727b524
metallinus	1e62743d-b677-5c9a-8b24-25dd93f79347
norvegica	ff7f0766-c4f4-5822-906e-7d43db42bde4
muta	bd150637-33ee-54ff-a86b-efe383372c59
bicolor	ff6e3b42-982a-5db2-b6a5-30e3bc471062
weissi	12b68caf-80e3-5706-a1d6-073daef56b7e
veranyi	756111b6-ff0e-506a-9960-103e14e07e70
filiformis	2cad493a-4d9c-5e62-9288-8082f145e05f
upembaensis	11728a59-5205-5ca3-9a42-70919a3fa53c
unangulata	ab773fb2-f0b5-59a1-9c7b-429d6481c414
pentheus	468a62c8-7772-548a-b07e-3403a3cc3c77
nutans	330e98ac-841c-5dec-a76a-28dc3560c943
cillinum	8ce005c2-bdf5-53c4-8145-4ea010106222
heliconunarum	3b533cd2-8b19-5412-b575-99e37990ff96
trifida	0c94af2a-e65a-5db3-97cb-2b7afd62cc08
koltuni	13a0830b-48a5-5c37-a7fb-bfde185ff9d7
mixed	99cb6f77-ee98-57d1-ae7d-0e2cf26e2110
pogonanthum	4316e227-2007-5d22-96b3-9d8f230fdbea
oculata	2da2829d-8063-5209-b4d1-37cf70644bf8
affinis	eca88a56-7723-5b52-ab21-a25ea2df45fe
notophthalmus	fd4fdbab-8d4a-5aa8-aa86-78e73eb7823a
radoszkovskii	b1cfd643-9f00-57cf-ada2-9a6788ae5b75
guyanaensis	46c77321-834e-512e-a2fd-0a52d33bdc14
pedisequus	1ca58a5b-a427-5f48-9ceb-126ce7a13073
sarikense	beaa925e-3f32-56e1-8c21-af21f56ccefb
subplebeius	62204a9a-481d-5222-a638-b49fde1e765f
orientale	bc038a24-7463-5327-8603-bb4047804e10
philanthus	79c5262d-e882-55bb-afd8-01f4327be7f3
spilonotus	9f48a10c-c863-5cde-88dc-2c8f4aa7b9ef
dunlapii	3b21d357-531f-5e7f-bb74-60be79ee8c67
lesnei	648dafb1-d801-5a56-a369-aff8857812a8
casuarinae	592df457-2d27-5a35-babf-e4d0573d73f2
tjanshanica	1edad186-a0c3-58e2-b912-816ba339a134
alba	079e108b-4963-5829-abec-9368ed29e97d
neopicta	1b954fae-4bb1-5d1c-be13-1e512f4e9559
melleum	eb6891d8-c611-5df0-aba3-4f07e8bd4cc8
saundersii	58d7752f-223b-5e0c-b643-209924a4169b
medana	b2533ead-4d6d-57a1-afee-1797117782a3
kugleri	6b7e5ff1-5949-5c5e-ba4f-9c6742b7e461
phaeomarasmioides	5d9e1a04-f858-54d7-b4ab-e8eaa7d88bcf
hinemoa	fb21dee8-5ab1-5664-a7ae-c5bbaad5b3f1
subimbricata	3a764fab-8690-5779-a0a9-b183ee27dd40
chipinqueus	a05278ca-79e1-50f0-bb72-11eefd08273d
splendens	5564bc58-3f3a-5c9d-bd66-17c7b73cba18
ferrissi	07419005-d0fc-50ae-b155-d54dee00f170
immaculata	7b2c5e45-8cb6-5607-b7bf-2b4ddf15f414
magna	fc4e7bff-3327-5f08-9a60-1a9ab0ed1408
ungulatus	7cf8e628-af32-5a8e-9477-ad711612f9ae
indutus	011d6d53-fa5b-579d-9817-df42088a9258
sulcata	10ea3a54-3230-5cb1-b2a7-06512fe7dc56
lehmanni	a82afb80-4de4-5453-9d8e-758f0ead14b2
diaporoides	ca8553f0-5b0b-5ab8-8b56-720a61c4b7b6
frutescens	4944a7e0-a0dd-5fa8-b47f-058a446861fc
nazari	197c05da-8009-5616-92af-ba76c651a3aa
morenae	95e31fa5-b05c-5056-88b8-e7c912a72dc6
longixipha	93f20749-659a-5cbd-a82c-e27c7c4db75e
luctator	ccb86911-8a69-5923-a36a-50b6d02343c0
bicolor	13c607b9-7bdf-53e0-9ffb-9413a8dd3469
laevilinea	80d76533-c1d6-5c17-aa1a-096fb02b573a
nigroviolacea	7d4ce0af-20c8-5535-92fb-d68037300781
fumariacea	0cb337a4-b7f2-5611-a4fc-e0e429b6c252
maximiliani	470e90ef-686b-5a6b-835e-7a27cc826afd
seminatione	b1dfd800-f79b-5baf-9964-6be834ae62b4
loeviana	41be1a18-31b3-52a2-bd7d-83f0b0cb682b
granitica	c71fd746-22ec-5bd1-95ac-4c54804e874a
galeocerdonis	848dba14-2522-517b-8bb5-bd95cff6f067
detruncatus	f9e32dae-6b65-5f64-8b55-f4dc75348a71
obtusa	28740cec-4533-5e61-ba9a-451c4d2bc309
shamil	c16a02cf-1f2b-534c-995b-caf7d9fb97c1
sulawesiana	a6af453a-8a47-5825-a1ad-d24fe4e2b189
dubius	f69ba0b8-ab4b-5d64-be80-7ee299943eaa
syriaca	bd1271fe-6d1e-5554-8686-f2459d742e9a
papillulosa	32620781-1b94-551b-b82f-825b99d5a79f
tarsatus	93c4776e-fd75-51c0-93f9-a06ff1efb8a9
mucronata	fb23876e-4fd6-5964-bee3-461074f5db87
quasifrenum	1baac4de-d47d-5cb2-9299-0430b1ffb04e
yuntaiense	5ef3f056-38d5-533e-b921-7d21645d148b
tuberculata	e9ab6603-c0d2-5c30-afba-331520fbe6fb
cyathoides	5477686c-260f-5762-82f5-1737d850f943
infundibulum	c5d91b9f-3aa0-59b1-9ef9-783f583bf45c
nilotica	ae314040-9b04-5bea-af5a-0d75708b67c7
carolinensis	7548d905-713a-5fe2-b625-ec4e5567b581
haemorrhoidale	d4b27674-3672-5f9b-87c5-f32b1769f132
baldschuanica	de3fc893-6977-51fe-8619-a923ca934dd6
flavimaculatus	6848099a-d851-52ba-86d7-ca355d1a4e4d
bisulcatus	54d18189-e784-5dd5-901b-907ffdbf0409
ditzleri	62d56fef-d31a-5105-8a5c-f8a50f74c453
gouini	99ff5e31-ac47-5e4f-b8e2-c8d4d35e9f7b
costatum	60a08338-f866-5481-bda1-03921913f23b
ruficollis	f5ff8111-4cf4-5e00-ae3a-36b856aca257
sepicola	f6a73f02-d77c-5efd-878e-390d56a1fd0c
callorhinus	9af13451-045f-5e2a-b126-1a4a5f055de3
confervoides	9558bf62-d3ba-545e-8f5d-a3216976347f
colademononis	3d20d3cc-8dc6-53c8-ad91-76e992f07775
elytromaculata	a0bb8715-5905-54f4-9140-f47a2939dbe3
aceris	ed36228d-b740-534e-838f-3bd26cf283fa
stricta	a108574f-aea7-55fa-8ab2-48e431ecaf0a
newtonii	c6d26043-6162-5514-8e11-b506d8e3ca87
vvedenskyi	8581a63a-1710-5433-b38c-ff9c8b38705c
pepo	8c4e1593-92db-5190-b9fe-36f6c181a659
bulgaricum	f9735b8b-c18f-5835-b65c-9c103914882a
viphyensis	a1e0fb9b-4c6c-5efe-9dfa-ee7b72120d50
lesbiaca	4611b317-b652-5bb2-8afe-fe7c96a9bbbc
oreophilum	e7479773-176f-5e8b-b2c9-2c5836d4426a
baltica	738c1fec-5773-5fd9-9aa3-12ba57238727
pallidipes	9bcd19fe-bf55-5f28-90be-4b52b3471851
stolinai	a46cadd3-fbcc-5df0-9741-d3aa4de50c91
argutus	9537619f-57d1-543a-8ea5-f364d57a6de5
thessalonicae	d679f090-5bd5-5bcf-b793-fd6548dedb3f
texama	166bd764-2df2-5bf0-9663-4d89598d6132
maculicollis	1df1c2b3-20f2-5d10-bcd9-381a88b3e9f9
lecontei	422a21d3-0201-5f50-bbca-874d5609bd34
validiceps	475774d3-811e-56b5-ab49-c5250beabe09
herbacea	436697ac-9bc2-5fc9-8bf5-806997e23dd3
indicum	03f1d549-0dd7-5114-8754-da93d43f6958
robusta	948b5711-b6e9-5fb1-b58b-7b4a0010ff20
alaskanus	1adc61b7-30b8-59c3-9991-0e7ea17f4d41
heterophylla	4c1ec605-bd2f-5fcd-93dd-a39effd5b2eb
islandica	8604ce95-4a13-5ccf-99a5-99c134b5cdb0
antillarum	43091e6f-0f11-584c-a41c-c149a541a30c
puberula	3f35bc68-226c-52ad-bf70-bfd7af3ccfff
spathulata	3b26eb82-a541-54a2-b171-e4a5f7fef209
apertus	bdefa0ce-cfc0-51ca-ba4c-aa4649acc558
mulciber	39eed0ea-516a-531d-ac77-9873e25daaed
puniceus	4d0410ab-3815-5175-80d6-88eb28f26cc7
janais	6beccb11-3773-5f4a-8c44-8ef2709a4c1c
pinnipenis	4b4c8ec6-9617-5e15-a63c-a069c52fe08c
plana	662aad56-5b2e-51d9-a5ae-fc19bb3d56f7
selira	ce01cb04-7045-5d43-9153-3b726ede8991
extincta	6b7fff6c-d494-558f-bc4f-5b94cb24629c
aculeata	26b31bc1-aa6e-5fbf-abf9-d5a2c3930ebb
lilfordi	b19c548d-072c-5137-8552-e97fe4cc524a
cruciata	77d929f4-845b-598a-bee6-4899f53841e9
herberti	b5906683-d707-5fa6-92ee-690d474e01f3
polyphylla	0f3eae0f-37ad-5e87-97bc-30052edc33cb
eusticha	af929430-699d-50ad-9f63-a3860f79701b
constricta	4a7ad0f3-d784-5c23-ae0d-0022cdda7ec6
mandrakae	fc055680-8fac-58cc-818e-2d6c7a226828
medicae	be693538-4cc3-5b08-ad74-3893728930cb
floridae	47f31012-5c8e-5103-a7c2-cbc3b339476c
polyanthus	0cac6b2d-57ae-56dc-b0ce-1b2d8d11ced4
ater	21f90d85-1344-5771-8a90-47df44dbc8c2
flavovirescens	560c8deb-550c-5221-be82-bace53676bdd
ajax	7316f55b-ee87-51cc-8b3e-96780912718d
digyracantha	0e1532eb-8580-59ea-be0d-008b6e0d9c2e
cagottis	8c8923fd-60ec-5032-8201-30cb00189d7f
scudderi	856030c8-dccb-506c-9078-3457fe761f91
comata	55bb47d2-a88a-5fdc-878a-42c5481372fd
alba	d0a0c5a5-96e8-536b-b3a3-e094030f1529
jeanneli	a222a0e9-0055-51ca-9f9a-f7633988b1c6
amplus	ca5f71c3-4dd6-576c-a145-22037b63d7d8
venezolana	7f506373-166f-5dd4-87bc-c8f4896c940f
letsia	a7fb9233-8d76-5ac0-9d05-860d6e1857d4
splendens	10cb859e-6240-5671-ba35-94935caa3a1a
lophopetaligena	6451bae9-292f-5719-9e8d-98bd60172b85
parviceps	fb969134-7edc-5bed-9757-de83f7620651
cathcartii	104563ab-af6c-56a2-af7b-dd36a2b46f93
obturata	557f449d-12db-50f9-9d4c-0a545f2d5e76
werneri	4c017a0d-148c-5179-9ccc-6dcf14b07ae8
melanura	84d933cf-6caa-5f82-b9ab-7278c7c322f7
galeottii	4fed3590-2cde-52d0-a308-ccdf2d23f601
heteromorpha	b349fa68-ce78-5eda-9c3d-9ab16db3922c
reflexa	6f26631e-982e-5225-bcfc-16c0df3c7961
fallax	502e04e2-b73d-5948-95eb-cfc4947fcf2a
dactylifera	1024ccb6-067b-5155-80ba-99e851439d69
arunachalensis	88fdc8af-ef0f-5233-a746-4356b606a061
schwingenschussii	1f7d2131-cf8a-5041-8284-e136c39b5e86
leiocephala	5c0d88ee-69ce-58a1-b054-194d290ffaf1