003c8434-41c5-599c-b8cb-52e2b1c66289	Atlantic falsejingle
00a489dd-c239-579f-826c-8dba4c9c8a39	Sipora flying squirrel
01f0edc4-15f1-57ba-a3bd-c30708b6ebbd	Komochi-sayori
01fdf32c-f51a-59ea-b82f-c3352fbd828e	spotted black grouper
02db0002-f5ed-540e-b279-ffaab5644765	gulf sandmat
0317d87b-6a03-59b4-a76c-85fc272240ea	Rebbachisaurus garasbae
031ea493-021c-5706-8414-ff6bf6ee87a6	球突千孔珊瑚
03350106-22e6-5744-a175-b621c26a8d48	Baritos na balang
0372fa30-c98e-513a-971f-b9c428cc1321	Wyroślak perełkowy
0400f5f7-66c7-58fd-9fb6-4c907acf3b81	frijol adzuki
0456359c-6989-5bc4-9a4f-2a386374ea03	Zmije
045fd760-941c-53cd-a8c6-ecbbb45d00e2	Dronningekejserfisk
04df2b39-7f44-57d7-bbe8-7ed614c4e9c4	Barred garfish
04e64f4c-0b5c-5a75-8f0a-007783d094f2	紅苞蹄蓋蕨
058b8aff-b248-554c-89e2-000cd9e02cb5	Atlantic sedge
05f5677d-fb39-5324-8a82-0944f40aede9	Anjo-rainha
06235119-0189-51b8-af62-60073a299ba7	Eastern Cape rocky
0651033b-e008-51f2-9a48-a56e88e90ca6	Agulha peixe pica
06f503a3-7189-5ebd-8a47-f7e4967f8cda	Demi bec bagnard
0713d779-6f49-54c9-bef6-9db84b36f5ff	Coruja dos pagodes
072fb7fb-ce50-5dc3-a356-a0232add57ee	Suwasid
073a47b0-e107-5dd0-acd9-de099127e14a	Red Bat
076bd7bb-d83b-577d-9bdd-849e2e8fb438	Queen Angelfish
07a9a0a3-865c-587f-bb5d-f220d49ec899	lean clover
07b4271d-8c40-5d88-b7e0-d0a10f7f8938	Busa
07ea22f7-358e-55fb-9d16-25f94eb648ed	Psiloïdeu
0837a6ab-4033-52c6-b9a4-fb9790a73aef	タケニグサ
08469dc3-640c-5a4d-971b-0e851ca5ce82	snow crab
08e8e66a-ec81-53b5-8c00-51407d69ce92	ズワイガニ
08fd903a-3001-5e44-b977-ea32c7d16fa0	Abu-minkar
0953690c-5363-5e12-b555-e6d60cde287d	Rainbow goodeid
09537fd5-35ab-5f1c-a335-bb2bb86263e2	Aiguillette
095bcaa2-acdd-5052-b08e-1bc0bacb379c	Crnka sredozemka
097f26e3-2a08-54ed-a702-47bddcfbb8ea	Black-spotted Cuscus
09807ab2-45ef-5632-97be-a22adb9c57d3	Seriding putih
09a379ce-6050-5418-8c42-cac0b0c7123f	Viherarokerttu
09d5a132-ae87-5859-87e1-164f2b188a96	large-headed brome
09e55cd2-8159-5f83-b679-ca3007f8c2a8	割裂波刺水蚤
0a1e5dbc-c6e5-54a6-8bdb-dcede29b5f27	袋鼹属
0abcf59a-4d9c-5eb6-ac10-792b1c059251	雜色扁魟
0b11c0a4-afcb-5e1d-be93-77b7779ca379	小眼副克奈氏鱼
0b5e9227-0381-58ec-9567-f731a7810c61	Hokuro-yakko
0bc50e6c-fb10-5881-b6b0-5d386ddaaf77	Borboleta
0bf26f74-7d7c-51b0-b149-8cde7ad35c6d	Erémomèle à tête verte
0bfde5ea-5d97-5841-97d0-93e4922f1019	Baka Baka
0c0b227a-bfab-5fb9-bc60-a1aafb0695c1	pilinut
0c1ddf9b-8d59-5519-8f2f-a701f94ad7f3	Kuku
0c3c313a-efad-5b67-9524-4752019a32a3	Boxfish
0c72b44b-df78-5809-b58e-fe980940b8ec	Couscous à taches noires
0c81ce05-5a52-51f1-9bbc-58c3d9d2d07d	jukjacho
0c93f4c7-4a8e-590e-be94-27fde5fe9f6a	Altamaha arcmussel
0d6868a8-e951-589e-8363-a1637ac40001	Omilteme Anole
0d6d2c9f-231e-52f1-94a2-7407d264f535	Kidau
0d8db93c-7409-5599-bee1-d6436a84cb60	Tellima
0e76af6e-b817-561d-9437-4d2358fdd432	Tintitaco
0f1138e6-b957-5f6b-b77d-3f15d9da2c00	Коленница
0f3a6458-ec10-59d1-8561-7ce65fb9fc58	Cobra
0fe97f1c-dec0-5f87-9578-cff3dc0214ee	Slange
101bb8f9-b581-5f03-934c-139989ebc3e0	Puput banding
10397173-2822-5240-8e4c-0df194717248	Puput banang
106d021f-327d-5b9e-a899-cefd9fb4af07	fibrousroot sedge
1075dab0-70f2-5f3f-835b-4fec6871fdad	Cinereous Tit
108d5375-4e30-50ff-a819-ee47a4366476	Trey lolok saw
1098b8f5-b4c2-58dc-8bdd-646c2225258f	eastern sedge
10e7d1af-624f-591d-93ef-42fccb6ef6e1	تمیس‌سانان
113764ae-db78-5aa0-a60f-1f0c4be20a7f	Marlozz tal-fond
115be626-75d1-5663-b279-94608e2a0139	Mususa
11823504-1801-5be3-b0d6-af928212476e	smallflower miterwort
11ade278-f7d5-5755-a627-2fc513d9f5a1	lime fern
12679115-53d6-5078-abda-490fa23907d3	jumping plant lice
128f6141-cee0-5d77-bb96-1cde31ba4480	Black barred garfish
131251ba-f7d7-5ff9-8b45-e583a16728e1	judía adzuki
131fcc4e-f8a5-50c8-92c6-34a04e505787	Tiefseedorsch
138cc6c0-479f-5d46-814c-3ae75ed179bc	Notoryctemorphia
13fd4740-e8ba-561e-bc79-7a48ed10f2af	Euplecte À Front De Feu
13fe5dcd-1737-591e-b9cd-7177b464fec7	Glass perch
140e0a9e-20a5-5ace-99a7-b9ef3bf0042c	Thovulu
1459b629-7835-5a50-8126-87f530f97d86	Cefulu i funnu
147f5c69-d765-580d-b37b-0e90111c8b68	Smoothnose Legskate
148a1a07-1c0d-50be-9e8a-abb527de24ec	Poluryl
14d86a5e-1b93-5b27-92c0-975781b0e112	Thys Paraknerie
14d9e45a-0529-545b-b64f-b5b4df3766ff	Serpens
14fd3af8-35cf-58a7-9c75-e21f73d5822d	Gemarmerde drievlekbladroller
1501f830-d1b1-5e1d-b8b0-22fd36269582	Сумчатые кроты
150a03cf-ce41-5838-b095-e03db6e9acd4	Verdona
153f67f3-a943-506a-a412-6372d50e796c	卵葉刺果衛矛
165e08fe-d817-584e-b9e0-76cb41bac451	Glassfish
166a1a0c-d027-5ba1-b17a-63c62b74f41b	Węże
1675c409-497a-55bb-a853-1a83a0046c11	Himalayan brown bear
16e22269-a6f7-5149-97f9-ea21c2f03b3a	Maroon-backed Accentor
17006652-15df-5b9d-b1b2-f734a5c73310	縱帶異鱗鱵
1761a7c2-b17a-5274-890a-e3a136138ce5	Coka-ilo
1765c62a-7ce2-53f1-8193-e9981d6e4448	Razorbills
17704f4a-713c-5a69-a9b8-bee864662f76	Kopfbindenpanzerwels
1808fb57-e7df-50c6-a96e-6b45c89c82ba	Bäumchen Weichkorallen
185b0543-2419-58cc-9fde-ff20ae013a7f	Paru branco
18980e88-e664-5c1a-b610-84e568d0e756	possumhaw
18a7e6aa-2f31-584d-9782-508455c93e61	Hokuro yakko
18f4a3f4-3393-5ed5-a69e-3537ddeaeb03	Buğdayıot
191252c7-c851-5468-9fd9-487e6c9b9401	Melete (animal)
19670f83-78ba-5844-8a5f-2b4cc54e04a8	Stemless Aletes
1a369692-abc7-544e-a770-bf51073a5ee9	Keseli köstebek
1a5eb2f0-bf01-52f4-9630-696ad4e6a1d3	Tracas
1ad89c57-5024-5e1c-8a62-1e9a70b7e020	Queen angel
1b3ee0f4-547e-5ab4-ac13-f4852880ccaf	Opal-crowned Manakin
1b757b64-41e1-59d0-90d3-cc1e8c7737eb	Ribaldo
1b7c8778-a9cc-5710-8919-f437cd208051	Demi-bec bagnard
1b85cecd-1213-5039-89e6-5f83457a525c	대게
1bbccabc-a785-524d-be1e-244dce593217	Cōatl
1bc7c4cb-f570-50e8-b3f7-9b286d83dae7	water starwort
1bcb1e34-fad4-558e-8ec7-8f785d3b542d	Égilope
1bffe6e9-9c19-58b8-8a56-bb240f1bd9fd	Blue angelfish
1c38adf8-a1d8-53d6-8acd-d34569b4f40f	royal knight's-spur
1c90126a-6b2a-5d02-bed6-0adce6d896d0	Ludwig's pohlia moss
1d4d1e22-bf5f-550a-bfae-e98a345dff3b	Comb's paspalum
1d7a8070-c4d4-57e1-9396-9f5dffdf086a	Fire-fronted Bishop
1dbfe553-5249-5d91-8e9f-6b03f68a6152	トゥルカナハコヨコクビガメ
1e99f696-56eb-5c0c-82a3-4d61916db01d	Griffin's Sheepmoth
1f629a51-3343-52fc-a7e7-df78a7ed5ca4	spotted halfbeak
1f96c61a-6e88-542b-9002-162b7390a810	Змеи
1fd21fcb-73ed-59af-9682-2f1df387459e	피브로박테르균류
201e2d44-0e65-5173-87c7-4c2c89cdd03a	Abo meshfa
20974083-2fce-5302-8921-e987503de0c6	Обыкновенный краб стригун
20bd3256-b9f9-5eda-bca3-552460501d8e	Fela
2190072c-9349-5365-ba7f-61d22ed10288	Buntal peti
21d943b3-5045-5291-a6f6-2bedf2600a38	Pungmullvadar
236722e6-a529-562b-970c-2221205afb3b	Bayangban
23fb77c6-08b9-59b0-ae7d-f38752d1b5e1	大鼻箱魨
24004417-11f7-5a08-b17e-982d6b0e51a5	Queen anglefish
242a2ca7-9459-5a1c-b097-a26de326b66c	heuchera sanguin
243535ae-409a-59a0-b58b-43aefffd643d	Keat srong
243ca5f9-b44a-5654-b025-55241aa8725e	dvärgsjögurka
24462f3d-bc34-5c1f-959e-e74b4f67eb61	Piorno
255686f2-b951-56d5-85a4-4bbd148a6b64	Almindelig dybhavstorsk
25f1543f-f78b-589f-9b28-0f70511cd014	Tuging ubod-ubod
26618c16-618c-5538-b8fa-493c61a5335c	palo de cruz
26768514-378d-522e-ab93-edbafaac7c5a	Königinfisch
269b199f-838e-550e-87d8-2c29fa0b8292	Lelembu
26c2b800-b06d-53bf-915c-083f873e5550	Small-flower Gypsum-loving Larkspur
2700b1c6-7b85-505e-8431-4ceb14ac59b1	blauwgroen breeksteeltje
27416633-380d-50cf-ac9c-89f8470f3a91	Zaraganya
27496f92-f02d-5435-b758-58ad435e3242	garfish
2763eddd-3c5d-5061-bb32-4c6b8b25d7b5	Bombyx carmélite
27ebcd67-e997-50ec-be0b-974780ca8256	western red bat
28d5431c-6cf2-58d4-a962-55d49d052875	forked wormwood
292b183d-6756-585d-ba2d-6ede17ca6c9d	Μισόραμφος
2a309608-83dd-5b59-8e9e-c82d14181b13	Buntal batu
2a9588bc-6e86-5d61-aa64-aff1f68a44be	redshouldered ham beetle
2bee5055-abbf-5dd7-9884-daf739bb936e	Petek
2c42d1fa-0094-57cb-8e4e-5c4b94be0dc8	¿¿¿¿¿¿¿
2c5a28ed-4a40-53bd-8c1d-db108a1d50a6	Paru-rajado
2de14568-7d41-5f4a-bad5-b633361dfc36	Parmicka ocasolemá
2de561e0-b6cb-5756-acf4-8c4b4d8b701c	Bahia Tapaculo
2e4ed322-f416-560f-b605-da3c365d3071	pitcher clematis
2e6c58af-777e-5155-abe6-7418270e9ef9	Hyomon Hakofugu
2ee259b8-9bba-5b9d-a65f-7c5c2c09079b	turkana mud turtle
2f477199-07b7-508e-bb48-bbb63b3093b5	Πλάτανος του Κερ
2f9eda72-7f2c-5653-9455-99edce2cbdd1	royal larkspur
2fd3c19c-e178-54fe-ad50-eeda57ea0113	longtom
3002df50-d804-52e6-8021-57c540c7ca7e	Ukeguchi-zaragarei
3034e60c-988e-53f7-a24d-61834af8fdbd	Salawasid
3089decf-40c4-514d-add7-92387100cd54	Peixe borboleta
308f1659-b633-5f32-a015-a50d7a52c9b5	Demi-bec à taches noires
30b2783b-0dfb-5889-9cdb-331aa65cd902	¿¿¿¿
30d6dc9c-ab86-5ea9-adba-febcd5145b44	山羊草属
31402d35-68c2-57c9-9602-3914af06f00d	Salmonete preto
3204781b-9d65-519c-b257-4456fc6c2b49	Chuchunge
327c4ddc-4304-5f73-a7a9-bcd25061ec70	دوسر
32a2921c-aedd-5201-8cb7-ab8f74828c4e	Sterbliniai kurmiai
33991c88-8f90-5493-89ac-7d483601fb0b	Čūskas
33bd2468-a4cb-541d-842a-041681b0cb41	線黑翅實蠅
346c2402-2db9-5f3e-ad25-c6fc334297ed	額斑刺蝶魚
34ee3fc1-5eed-5c17-9b8e-1f9a3e0a3c76	ojoso negro
351dbe67-a0e1-5d55-ad64-a0523217cecf	googly-eyed cod
359c30a2-3a8b-5976-b4df-20f434709f9c	闊片烏蕨
35c7d374-7284-533e-8c3c-c6b83395eb38	A Moth
35e3491c-c0ae-5dda-865f-d24445b765c6	Vanlig vårtannspinner
3613e2c8-9e51-5d9d-9944-8eae648fe251	Φίδι
3675de2a-8d6c-50e5-9912-fa6007ce7e76	Puistopöllö
3699d050-c73c-5131-bcb1-f96a733a7f7b	Goldbarbe
36afdc4d-25a7-506e-9179-1242b6fa1929	three-forked mugwort
370f50a3-3f2c-5f6b-b4ed-d4a53c358200	Enxada
3797fca5-d874-5ebf-a4a4-8e7a9b620bf5	마목
37f3b12f-9de9-5722-8a6d-cebc10f7c548	Sa-sa
38a43bb1-57b9-5a87-b078-14857145b35f	flat elbow crab
3ae389ab-f183-52e9-885f-8e077d01d6b3	Abourbee
3b557273-d74d-500d-872f-daed8bfeecbd	Rainbow characodon
3bc62395-5c89-55b8-bdd4-23b5a655b81b	Pili (mani)
3c23dd0c-3b4e-52e2-8e03-ee84f7462af2	Manii
3c7affa6-5372-5307-a921-e9d590d3195b	Agujeta
3cd0eece-0820-5a79-9566-007ab3897b0b	Kempit
3cf4750b-23e5-5059-a155-83d4bce73708	chameleon rockfish
3d4e0c02-5ea1-5a70-8fda-2337d254e91b	Зелёная изабелита
3dcde002-5a10-5d65-8d1a-e10b9d5d38c9	Federmohn (Weisser)
3e09c29a-b3ff-5d35-8c86-fc7f643d9e1e	caloncoba
3e8cf6e5-1013-554b-9284-5aef0fef3d01	Kortsnudet kuffertfisk
3ed57fc4-ac4f-5c7f-80c3-dfdc9a1871f5	Rufous cheeked Laughingthrush
3f0a07f0-ae21-57bd-bd94-9c81fccf32b1	White-bellied Canary
3f141cee-78ed-5233-8d1f-bab5e981ec82	Garfish
4031937d-b91b-5d42-ba2c-772118240897	Yellow Angelfish
405f959a-a524-5318-9a65-392e22e7f929	Cabeça de prata
40e426b9-38aa-521e-96a9-2aa5a7d799d7	ángel reina
4116a0a3-87e6-5f3c-a5a4-a8b2917870c0	Slangen
413082c3-c154-5d9f-92c2-47058fcea3df	Rainbow Goodeid
4163d5a5-0a18-5b14-952e-5d97111d9cfa	Trunkfish
4177f985-2025-5b48-a0b8-7e7b4e697ad2	Mediterranean brome
41aa4cf5-324c-52c4-b0bf-a64aca51008c	Imubarbi
420d578b-ea8c-5330-8b96-4bd58a7e3aef	Trey kros phnom
4257c72e-52dd-5679-998b-34eda9e6db39	Patchwork stingaree
42767591-8a4d-573f-8045-3f5a9fa4b0b5	Stepiniai tinamai
4284f6c0-a321-5b67-9233-f4cef6e442e5	侧棘齿鮰
42a0cf13-225e-52b7-af34-beeee045674d	Mwâtèè
42baadf7-d023-5241-ada2-a3d28c94d9cd	adzuki-bean
43294711-df5d-529d-a62d-6cd695aecb52	n¿crobie á col rouge
433052c0-8e74-5eeb-88d7-e0b29901772d	大洋橋石藻
439f270c-bd22-5f94-a0f3-f155166ad4cb	Vexillum aureolatum
43fc5686-7d8c-5499-9862-8a82c5696923	Slanger
4456ef56-528d-5052-96a3-26ea2de61b88	Frijol Adzuki
4514f134-e6be-5c17-8632-e048b3a1ce7b	Notoryctidae
467e5ec4-bc2e-540c-84d9-8429b8e9fe40	Fernald's serviceberry
46a9bf94-157d-589f-b39b-31c5cb1fc1a6	Interrupta glassy perchlet
470cacd0-9c81-54bd-8f9b-b78f7c02eb88	Graphium chironides
471cb77d-dc4d-5d1d-9e67-885f3dd2dcdd	Sils
478cd9fa-4e1c-5116-9a32-8bd7cc6c4091	Meia-agulha manchada
481dea33-0896-5dfe-b878-731e72d5947a	Fuchista cu l'occhi grossi
48717b4a-1e8a-5c70-8945-1d741250c990	Island cowfish
48822cd7-bad1-5eec-a7cc-9880c0cdb204	Scottish wood ant
49571b91-1153-5d6f-8a87-b011237f181a	Duncker's river garfish
49f09097-fd21-5bd5-b0f1-ea548f80044e	Longspine glassfish
4a19332e-eeca-5a5a-ab76-67b28a2e2eb0	lobate brittle star
4a88474b-a65d-53c2-9247-4110be926862	博落迴
4b5aa548-0a45-597f-a7c2-c30d2e5be6ba	pacific hawksbill
4bd1ce66-8bf4-5a13-af8c-2f6a00bccfc6	Chuchunge tili
4be91722-28d2-52c2-940e-7efd53c4de3d	Googly-eyed cod
4ca2bd32-d6cf-5633-94cc-a6e437c0d468	mexcalpique arcoiris
4cb8d5d5-2744-571a-b025-e6f0fb2dbf74	Spotted Wood Owl
4cc971e4-b28f-533c-bb85-885e5ed02c66	Knérie Thysova
4d9a132f-de61-597c-8fd6-12889768a504	Nyenyulung
4db60789-7335-5f60-b30c-73c7863048e6	Yamswurzelartige
4dc3df78-1f34-5aa0-b072-b8365fcc2326	Burukun
4e1e9104-56b5-54c6-8e3a-0d2b390b35e8	Falsche Alraunenwurzel
4e1f3fe8-734d-5439-9222-e06b7dffe42d	Angelfishes
4ec0390a-abdd-5dcb-8210-f8f41522fb9d	striped blenny
4f1b5a87-37ed-5c5f-a01e-23820b4be76d	Misoramfos
4f4d2c4e-63d9-5f4e-ae8a-060d6c6acbea	Leu sula
4f908079-ecda-5592-8fd5-1378d0d416b3	Black-barred halfbeak
4fb3e5fb-8a70-586c-8d6f-158cce373f12	Orm
4fffb729-5ab9-5003-acb3-e47e3a792e19	Gueze's butterflyfish
5016d83d-b1d0-5b99-8531-7c5e1b70878e	black cod
506324a2-76a6-58cc-9dee-f7756d4eb5b6	marsupial 'moles'
50db7f80-87c4-5fa7-aa2a-12c7e2868a49	Talp marsupial
51383e88-4951-5ea8-b75a-def8564d2cb4	Schlangen
5243b87c-823e-5e12-9a72-6ad99713b751	Erémomèle À Tête Verte
52be0a17-b5b1-5fb4-a895-eaa8c2a2aab6	尖鼻箱魨
539236a2-27d1-5828-a987-1d76bc95a6fa	Merluza canaria
53e87890-8e72-5d21-8099-bff4531b3f6f	Verdakrona eremomelo
53f9f8c7-58f4-58e0-aa1f-d9e31e80ae5e	Turkana Mud Turtle, Broadley’s Mud Turtle
541172fc-2b1b-558a-bfa8-aa9d7e00c9ef	Demi bec à taches noires
542f50e4-69d6-50d0-a55e-91899ee58c37	Pili
543cb586-e6ff-59af-89d7-f53d9ce86646	bird-of-paradise flies
54c69438-d86c-5c0e-8c71-ae015173461c	Kohala Summit melicope
54e09365-08d5-5a61-82c1-2ac419a37ed0	側棘齒鮰
558385fa-3d5f-5e75-9369-2e42fd28dc93	hemlock-parsley
55a900a0-7b65-57a3-8d87-cc9d5a70783a	back rockcod
56403a69-b0d6-5223-b991-d017309776ee	large fringe cup
564da3c5-f38a-506b-bf8f-1a461c2adc37	colonial oak sedge
566d7673-8404-50e8-8996-cfb950a721f0	A Caddisfly
56737692-fa7e-5903-9166-b22bb3f66661	Sunduk
56c4720f-b737-5ba5-99c1-e00052fc4e52	Opal crowned Manakin
56cb37a7-0ea4-5fbe-86aa-5a72df733a6f	Hoshi-zayori
56d6f17f-4d01-5aa0-aa62-13364e25d44b	snakecactus
5771fb9a-b2f8-53bb-8473-e05e04a1dff7	Lapjesdoornrog
57772f20-0447-5deb-b3bb-7491daac6781	Rei 'i chamba
577947e2-36f6-5c21-819f-934aa0ac3fa9	Sa sa
57c7005b-1bed-517a-b43d-cf6b69606c74	Nanyô-takasago-ishimochi
57eae25f-0ff9-597e-a2b4-1e0a19f49392	Goodly-eyed cod
582a72bd-3fd8-51cf-a56a-6f02cf9ee62d	Melga
58347916-7d2e-522f-a1af-5801c6ed230b	സതേൺ മാർസൂപ്പിയൽ മോൾ
586e4c35-96d3-5583-a3da-d4da0a44ef24	Parum dourado
5898d1a0-6376-5db6-9349-ca5189b28863	water-starwort
58eaf155-bab9-55ca-8077-96c8a9afb66f	goggly-eyed cod
59483225-0045-5485-9c28-be6a79555c26	Dioscoreal
5996292c-a40b-5a05-80c8-ee22aed02fbc	Kače
5a5f2c9b-ef28-5a87-b50a-359a21a23620	Long-spined perchlet
5b190b8a-34c3-5c00-893f-c0bd4791ccf5	Mexcalpique arcoiris
5b36f0fe-f125-5fd3-9142-3d258dace749	Pacific Hawksbill Seaturtle
5beeeaf8-0dd4-586f-af2f-a9267291ab94	Tsédááʼ sikaadí
5c257893-b818-57fb-ace7-8d438346985b	Fasola Adzuki
5c308476-78d1-5fd9-a5e7-7fc49af32fe8	blue horntail
5c43b46a-0fc0-5db8-b0c8-0ec1908b0b63	Baka bakahan
5cc468eb-2cc9-561a-8e8f-f5f327bdd422	Pilangan
5da19991-9ac9-595a-b7a3-40c94ccf3efb	big flowered tellima
5db12109-c557-520b-9f2a-98c93784062e	Pochrzynowce
5e8f7c41-23b3-5903-8732-38a724b71aae	Golden Angelfish
5e9d674e-de61-5ab0-b359-3a96371b7f11	common beech sedge
5eadb966-2b25-58a4-a2bf-ab4a9cc51a7d	Juliana
5f9df542-b1ac-560a-b0ab-6980219e8fa3	Sembir
5fd68b6f-4e72-546c-adfa-3adef5e27511	Demi-bec à barres noires
6034a026-7a19-5b3b-9ae5-36bdc3369c29	Cârtița cu pungă
60700318-163e-56ab-8646-d4088b6a50bb	ヤマノイモ目
6072a22a-1353-5633-9efd-e5562b4fd8be	Lembu
6088dbbf-d764-590c-bb3c-7110eab3eb17	Blackbarred garfish
609ccd1b-3ff4-50f3-a9c1-48984bf5a0c7	Serpente
60cf8f11-8b51-5422-8bf9-ccd9c2ced444	Balao
6128b378-394c-5952-9251-5bf71a46dcd8	Nnanna
61873a31-2c3f-5713-8f8d-8b3e30549389	Abrótea-do-alto
61b80f06-b41e-5751-b200-9ba061ae951f	Pridin
624cfa19-a21a-5fa8-85af-720f6a15a01c	Taupe marsupiale
62965589-146c-59d2-99e5-a8f9e85aec11	Jenjulung
62979bec-2b9d-5d0e-baf1-76af2a52c6a0	Black barred halfbeak
63012608-57dd-5adf-a1d2-f8a87735e6b4	Menyulong
63616226-e016-5176-8233-2283d29453b8	Demi bec
63eddc68-93af-5a21-a29d-dc246a0050f5	Green-capped Eremomela
64bdc9fd-6b0d-5ced-a867-3433968d8867	Tajinaste azul de La Gomera
6521c274-0290-5c9a-82e8-4cb712facbb1	reticulate amphissa
655484a2-3aab-5990-aab9-dfb71d60bb31	Black-billed Spoonbill
65d28f7f-f207-507c-8bd5-7e5172edf40c	Buging
65dc803a-e843-509c-91a3-716308cb38f2	Queen angelfish
65eeec88-3def-5cbb-9eab-88c0dcb649aa	尖鼻箱鲀
663efeff-4b1a-57f9-a2ec-1bfa7054ab60	موش کور کیسه‌دار
66615b08-68c5-55e6-bf53-7c66c5408065	Buguin
66df09e8-25e7-5242-90d0-241497572bbf	雷巴齐斯龙
670e8792-d4d5-5d66-a3a0-9f4a539c5131	azuki-bean
678eb91f-8173-597d-9711-81d1a6d8a8ce	Northern perchlet
67d82b74-2576-5300-91a2-bdbc35be8512	Golden angelfish
67e25574-fcb4-5bf6-b46b-2a44047851af	Sayasa
6897d011-f16f-5238-a703-2262c66f8db2	carex à feuilles capillaires
693db793-9ea8-54c2-a46d-003680bc5148	Náʼagéédí bizaʼazis hólóní
6a2f0039-1956-5a70-afab-32f8ac2fd70b	Trey phtoung
6a8d4e4f-95a4-57b9-85ba-56f293b10c1b	Hadi
6ab3a77a-303b-532f-90b4-dff6bfca44aa	Pull-and-be-damned
6ad978ad-442a-5c65-94dd-f202baca757c	Poulet de la mer
6aec3558-687a-5a4d-a4a1-378cf9485014	Krety workowate
6b22a992-49ff-585f-8868-084e311559e2	Miodówki
6bb862c9-62be-5342-b4f3-f7ab05b42cb4	santal rouge
6be0326b-eaf5-5c68-93cc-c398291c54b2	Baguing babae
6bf1fa1a-2e33-57f3-a808-1097aaad4a0f	Gewöhnlicher Tiefseedorsch
6c7059fb-35ab-5ae9-b07c-b1f07d378a81	Cachama de piedra
6ce65744-609c-55e8-b2e0-4a2044cd0254	Isthmian goby
6d9553c4-0980-53c4-bfa3-053ed4c44f93	Листоблошковые
6d9a5eb2-8ea9-5bbe-b455-c131fe838b46	A Water Scavenger Beetle
6d9ac9a7-7705-501b-bdf2-33f2e3cfea4c	Egílops
6da3ccfb-52cd-5b89-b59c-279d890eea90	Stingaree
6ddab184-bd96-5c00-81a2-dcadabffa4b1	Adzukibohne
6e2c7dff-a910-5356-b01e-4049cf171934	White bellied Canary
6e5caa0d-5dc1-5039-9174-14b7c12122de	Slaanger
6ebc5ade-6e52-511c-9d14-ebfab190d53e	Magnificent Hummingbirds
6f4bfa61-0afe-5bd5-ae54-408632bd9430	Ürəkvari makleya
6fb3e8aa-24f7-5c37-a908-ebb3c2f6ad96	خلد جرابي
6fb7cac8-7c35-5410-9518-e569b63c6bb3	额斑刺蝶鱼
6fd20cb3-a1f9-513f-b924-e93cdb4f7360	Talos
6fef1e06-9b6e-5701-bf3a-ea53f8591239	Abu minkar
701a0b11-c62c-5d07-aeb6-9470b6afeffe	Sochevichnik Oranzhevyi
7043b45a-b7f3-5ad6-bfad-cf5802f60884	Buntal panjang
70d40782-0d78-58d0-9505-30e03dbbf606	大鼻箱鲀
7162da38-d1b2-5218-9201-fdfa31a4cbb1	macléaya à feuilles cordées
71800fad-b23b-5195-83a8-ad54cae559dc	Bugiw
71df0ca5-7d96-516c-ba3c-01d0e8826282	Şarpe
73adb7f8-c257-56ad-bb8e-52f8168aa5d9	Coral-bells
73fb5a58-603b-5c7f-94e6-eb00bbc73b60	Budelmollen
7443a5dd-40d3-5aa3-a9ca-23b2c02f513f	Maminy
744914b5-ee2c-5d4a-a67f-24377a70f8e2	Neidr
759c847f-caa4-5067-87a5-819ad8c407a2	瓦氏墨頭魚
75d25ce4-61cc-5203-b5b7-d2b7b89bd14b	five-seeded plume-poppy
7611f085-3323-5e0c-95fe-be570879a812	斑鱵
76516a13-f951-5cb5-bf51-e5ef587b4549	Hooker's balsamroot
768f57a0-080e-58f3-9c6a-92ee1202bae1	Saltón
769531f7-2e7d-526c-a73d-915bbfe941c5	Crnkinja
769f5644-d9e5-57b3-9af2-6b38012f00ad	ثعبان
773a298b-d26e-546a-9ce4-aab99ba9a78a	Cá Kìm chấm
773f3f46-8ad0-5df9-a397-e44f15016869	Nefrytek królewski
77939951-cf92-5e64-94a1-17db56fc4c2a	Mural
786c3648-0746-5ce5-922d-af2a2a449456	rayless goldenhead
78829715-af95-52c5-9688-26a2002b3d20	azuki
78b44c9e-5e0c-5995-befa-53ec69e911f8	cosmopolitan springtail
78f26a6b-db09-55f5-8927-21b7f53f68e6	Smldincotvaré
7933f6aa-700d-5cc6-bb55-110d03629d6b	Couscous À Taches Noires
79480318-8066-5215-8ff6-c42ff4cfbe72	sapotillo
79c3d220-5a07-553e-944e-ab79ec8f598c	Hoshi zayori
79d5c18e-5252-5e2f-ade9-dc62cea0f610	Ghost cod
79d5fa16-3cfb-5b18-98a8-34f46ec8ae37	Rufous-cheeked laughingthrush
79ff4017-fd10-5ac6-b3af-c40241a4c74d	Balitot
7a3225b5-4e61-5feb-87ba-c6cd0e549608	Snøkrabbe
7ae61e7b-76e2-596a-8ba3-82aa10f83c56	小眼副克奈氏魚
7b04da4c-e807-519a-a018-fa3d0afd5f5e	Gara Waterlotova
7b4933c6-8e9c-5f42-9f7c-8024764285d7	薯蓣目
7b8d22cc-93d5-5e50-a735-7d2f7f887233	vesicularia moss
7c1fd9ca-628c-54af-96b3-4b85ddc345c2	Guinea
7c9ee592-10b0-5021-8d94-f8859aa25363	pili nut
7d3b191f-56cf-5eef-8d5c-4a907c0ab036	Hale's phyllopsora lichen
7db3150e-6425-5187-b401-35a7dfe2418c	短葉柳葉菜
7dd62d35-e478-58ce-9ca7-5dfbc0ec9ff7	琥珀捲管螺
7e0b6a50-32d5-5fd2-ac1a-f0e15a89f98e	A Spider
7e2f2389-1861-5dc6-af35-612822e79bd1	Starry miterwort
7e62ad47-5b96-5ef6-b443-b4fffbf3d88e	盆唇華鯪
7e8aba5e-1dbc-5299-9500-750a0f0afe60	Hvid Jodplante
7e9f68dd-c784-5321-a4de-dc602f4d5649	Coffre
7eb3b228-266f-5cde-bb9f-1c6b5e8dff36	Sipora Flying Squirrel
7f1edc5c-1a98-573e-bb6b-1d982745326c	Green capped Eremomela
7f55d180-369c-594c-b1fe-f9d0690f1021	Western talma
7f5da920-c67d-5fbc-a4b9-63c8345553f9	纖維桿菌門
7f9d693b-db79-5f53-9d40-a53e66721a6f	Jolong jolong
7fd79952-7388-54c7-ac12-756ae71f0255	Gadela
8094a627-0709-50a2-bdec-6e6f94a3af3d	Toukonirkko
814f642c-7bae-5d7b-b6e9-4d401b8588e9	Robaldo-branco
81763b33-354e-5d9a-acc1-5ad17731dba2	Pjerojty mak
81b6f387-6c3a-56c6-8911-984cc169cfd2	gaka
81fb7f69-a938-5511-b88a-3fb850decb73	fragrant fringe cup
827bc026-a8d1-5360-9eeb-883b19ae0741	Buging babae
82a3a9b3-1ac0-5208-b769-b1a81464e2ea	Kongonkorvakala
82e822de-e17d-592a-88f9-01328544a09b	Cuscús roig i negre
8396f04a-2c41-58c3-a859-a63d9a579e87	Peixe-borboleta
83c6853f-867f-550a-bdf6-2d528ace0851	Regenbogen Goodeide
83cf7fcf-f6d6-5ac0-ac1f-1a9ac2dc2f58	three-forked wormwood
841ed7a6-e716-5c7c-b37b-d7ae5c6c0a66	Broadley sisakteknős
84ee9a3b-648d-541e-bdf6-9715d20f9513	Rhamnacées
8502149a-aac7-5aae-b8e7-86828cd5bb7e	Ellen’s Damselfish
85b70b6b-9e80-57e0-9df2-7dd69d398118	Beutelmulle
85ceb911-407c-5f4b-adaf-38251e814b64	杂色扁魟
85d7143b-dca7-5d0a-ab7e-8f1f4d430454	stingaree
85f730a3-7d12-5f7f-a4ad-4856db41357e	Ghrab
85f8bdd8-a708-5444-8828-e137905498b4	Half beak
8635f0e9-5d3e-5ee1-bd37-84cc4d6d5ca0	Comb's Paspalum
866b4cdc-479a-5c9f-9ae9-26d49ff0ae68	Rebbachizaur
869f8ca0-1242-5a40-aceb-f0b4953cccc9	Lapblusiņu virsdzimta
86f4e119-6e67-5be9-b181-ddad48af672f	Mezzobecco
87b331da-0fa3-5f62-ae02-9caa59adc371	porcupinefish
8801c330-43c8-523e-b97e-ef23f15aa881	Канариум филиппинский
89602e47-dc0f-5cb9-9211-9cc3858f2f78	Pussikontiaiset
8a6abc28-35be-592e-8e93-14f2d19aa3ad	Sundoprono
8a8471f1-7b99-5249-9b72-febe14affefd	Bayanban
8b4dd546-e5c6-5a3b-9f7c-0d696c08933b	carex atlantique
8c66ed8c-0165-5d7f-a91c-5534adfd0ca1	Deepsea cod
8cd40570-71dd-556e-98d2-33fd871a01ab	Pettyes bagoly
8d2d1ba1-1af6-524d-afc4-9e291b72d1f9	Deciduous Holly
8d3141d5-13b2-5a86-9b28-a5e6f053e4a1	tellime à grandes fleurs
8d356710-98ea-5e33-a74b-b7629739622e	Gepunkteter Panzerwels
8d597ccd-1c9c-551a-ace4-3e1d30eb27c3	coralbells
8e0f89ae-6332-5f95-8c94-74dcd049f758	Kali walu
8f8fb554-01f6-5613-9c2e-b8ee052c966b	Kuskus Tutul Hitam
9074076b-eb64-5def-992e-06a5913baf6f	Garabato Negro
90aab695-3b1b-5af4-972b-65a2ccc807bf	Grönhättad eremomela
90e42f0c-ca58-518a-83e1-d2e10a7b3293	Halfbeak
90e63b8d-d932-5943-9005-344a82bc916b	Lake turkana hinged terrapin
91071936-9074-59a4-afb6-c89cfdab4944	bigflower tellima
91295ec5-2a00-5f23-89c0-0b73b828278e	Täplänokkakala
913a6d38-ee18-529d-9481-99e39019bb9e	waterstarwort
91a32fae-bdce-545f-8b09-2d30a9c29da2	Ormar
91e254f4-eda9-5d3f-b40c-1d21df02f54d	Salasa
9237c66e-9d75-5bc2-b0ce-3b41a8eef0b6	Chouette des pagodes
92ceb0d7-312f-5d34-9823-4a6ce8472f32	水针
92d71bfb-9942-57a7-b8ad-72a49218702a	Anjo rainha
92dfc299-4845-500f-9602-f010bb4f9d95	Greencap Eremomela
93900740-b548-556e-981b-045922f751f2	slender bird's beak
93dc304b-e39e-5447-ac1e-d0d70f10ac4c	Sateenkaaritoka
94334852-42c4-56af-b79b-0bf720d54abd	yellow angelfish
944d0f6e-f404-592d-9872-d9ba2433392e	Gevlekde halfbek
945aa594-18a7-58d7-828c-8a38f8e4d91f	Common mora
9492aed4-df54-5dd9-ab29-991eff995582	Ikan lembu
94cbace6-078b-5a23-97e5-4b40d9e134ba	Labeo kruhocelisté
956c9ee6-0b9a-5fec-bb39-6e4a52f807b2	Blackbarred halfbeak
961be386-c632-57ab-bdcf-01c4373202af	Bladloppor
96463ce5-862e-5d74-a404-b9961ccac9be	Donnichnik Melovoi
96b665db-5be8-5f9a-9be3-c8098d41ba66	Baritos
96c1beeb-f37b-5693-b89a-f69760ea2805	Nga taung myin
970bae20-edd1-507e-8cb4-0f7fe830ea6c	Sindik
977e1b1d-ebe8-5d00-ad37-8228344c7dd3	Burog
979bd1ba-5bc8-5879-b447-6fcd4e849356	Hnok thido
9802e748-878a-5953-aeac-113bd0958b84	Сипорска летећа веверица
982563fa-e145-58b7-a351-556dc169de0d	Saddled grouper
98c864c2-bbb5-5b79-8627-b712cf300833	火筒樹
98c9c4ad-baf5-5b2e-8a21-a587f024254f	saddletail grouper
991fc10a-3f06-504e-b879-fad9ed7cf0fe	Käärmeet
9949ac95-fe99-52d2-8122-0c954240f219	Meia agulha manchada
9954473f-fc33-5ea1-8c10-5fdede8f0231	snakes
9962af36-609c-57a6-a000-ad8c0f033276	Balitos
9a591882-3de7-5870-8f23-08cc55be31d2	Sochevichnik Oranzhevyi (Rus)
9b555e1b-1e23-53ca-bfc1-2b48a6206e3f	Fläckig skogsuggla
9c06b706-2072-5633-949d-bab88e4dde41	Pagodenkauz
9c1c7d39-670f-55e3-9ffd-26767c8b509a	纵带异鳞鱵
9c3657b6-df99-5938-bfe5-7f5fe872b1f6	Agujete manchada
9ceaaa99-377f-5bdd-87ef-b2ee4156eff1	Marsupial mole
9d0651ea-7b28-5ea6-8365-94f0018cec87	Dotted Borders
9e1ba174-780e-5c25-8dca-75836637a1df	Móra
9e28b81d-e46e-5c64-87e6-af9d47e6b5c2	Gele engelvis
9ebb49f4-f172-5919-9f91-e8e7c8e4cc31	Agulha
9ee13b12-ebc0-5ded-b189-a8bad0a2a110	false jumping bush cricket
9ef0d135-902b-5bd9-821f-046a9d8b4ef8	Buntal kotak
9f162d5e-3f86-5ae9-bd63-b71bb2813d36	Бузгандум
9f466a75-55d7-5025-a715-ca6a24c0f8e2	Usambara garter snake
9f752a0e-cf21-5a08-b61c-46fee1609697	Gaiac
9fed50ac-6277-5f77-a00f-3b949fb13d48	pouched mouse
9ff53a87-c1c1-5a08-9ea9-6f8fb7fe9d7c	Howe's sedge
a01fade3-db2f-5c90-87bf-d8ae07c3fe07	Coffre à points bleus
a026fca9-130e-5128-a548-c60daed77110	Turkana Mud Turtle
a055b4cc-78a9-5174-a7c6-0697cc2f0db6	Demi-bec
a08a77b9-cf0f-5642-96b3-d27f41124061	Օձեր
a0bc02b1-bae2-59bc-9557-57b33c61199c	Jolong selang tanda
a0cba845-f31e-57ad-b640-253b911b8792	Nepáli szürkebegy
a17e3f51-cc66-5f8f-9c94-d7ab19d9c26e	Маклейя сердцевидная
a252e86c-ca6d-5070-ae51-d1a1e447d7fb	Black spotted Cuscus
a26cd372-4b64-5785-9042-707cd889cd25	fendler globemallow
a2958030-9962-53bd-a5c3-167f8b055b9b	Kaban tanda
a2c8ad29-f9ea-5a8d-bf73-3cbf4db092f7	Coral phyllopsora lichen
a34c9dbe-8318-58eb-9b49-3ab0b5b57f42	Puput
a3a42c02-f777-5863-83f1-32f4ef1e49b9	Lake Turkana Hinged Terrapin
a3d8e3ad-cba9-53b7-b7ce-23e844d37737	armoise fourchue
a3fd51ba-9918-559f-8034-f731fb10bb64	交趾支那頭孔無鬚魮
a4453792-93fd-5016-9dd7-5309d4b85115	Balanban
a4594602-3c09-58cf-9dfc-965d0066763d	Pilinußbaum
a459fd15-948d-5de5-920a-9ba3723914ca	Jolong-jolong
a4e432fa-689a-553f-a66b-6f718f78cdf6	lanceolate brome
a502d28e-9c45-5b6e-8abd-8b1af21404d2	brome à grands épillets
a533a7b7-e7d7-5a79-a39a-dd11c4e0c616	plume-poppy
a595f9b1-66d7-58d9-8610-39f28ea85fce	amélanchier de Fernald
a651eb7a-1f18-5790-9efa-4e78cd120e83	Königin Engelfisch
a69928a7-3cfd-52fd-992d-8f402274617b	Kacang-kacang
a6a6b3b9-e867-5076-97ed-047cba501cff	Pba jaht
a6eeec6a-3ee2-5357-ae9f-5ad1953d952c	Polukljuna iglica
a74f212f-6382-5538-8573-12ef30b60d25	¿¿¿¿¿
a82c6c1c-c612-5260-9e6a-410621a19a9f	Mönch Zahnspinner
a84f6917-58c1-53ec-b57c-3ccb7963335b	Tuging ubod ubod
a85af60b-be6b-5eea-a004-b81200abe14d	Kacang kacang
a8b60a7e-8cb6-545a-8c1e-57e2d892377f	Patchwork Stingaree
a98a2da6-4811-5629-8ae9-b1cab2102b10	sapo golfeño
a99cf5b1-8bb4-5a80-802c-69f2923989ab	DeDecker's clover
aa17199f-e908-598d-b538-bb35f264f89b	Todak pendek
aa4e1610-66f9-5e4f-ac0c-520ea14fb4c4	Blut-Purpurglöckchen
aa8a679e-967e-50ea-8af3-20081eb7b981	齒突斜紋蟹
aad3ce11-1e0c-5102-9bf8-be836f2a69ba	Bộ Củ nâu
ab383fbb-e50d-58d2-ae5e-bd6e04126506	red bat
ac1b098b-bda0-5d7f-8777-cb817b68aab3	Balang
ac4dc749-e370-597b-8ab7-db0a84f27a98	Gonu
ac4fec29-88a5-5a51-8f9c-a7b367a5ca1f	Sailfin perchlet
acd7744e-8d31-57df-bc95-1028a73e2694	Papu
ad9bba44-74e0-518e-888e-88e3ac6f11f3	Pesce cefaro 'e funnale
adf6a6b9-1072-5a38-81c5-cd11cc4baf66	Yılan
ae7b83b0-6ede-59a5-8859-bb5bfe2e36ec	주머니두더지
aef81e56-71ba-5a40-a510-bf943906ced5	Senjolong
af2cdc36-d1c4-5655-b600-9d9243f9c254	tank goby
af48b951-c3d0-57bf-9ef9-064eed2c6e8a	Serpiente
afaf0476-6bc9-5ec9-b8a9-5e3bc756e006	punero
afbf144a-3d54-55b3-9db1-93272dfa5ddb	Jamszgyökérvirágúak
b03c6c2b-2abd-539c-8063-2ac198f00b6c	western buffalo bream
b0699d54-a6ed-5a3a-83c9-08f71841fdde	Chuchungi
b0951f8f-7216-510b-bceb-8f5028bc02a8	Seriding duri
b099dc61-4faa-5898-afd9-32bd673cea4c	Spotted corydoras
b0f5c3e5-3598-58c0-8835-22fa56629b74	deepsea cod
b0f6c78e-ad63-505f-a915-d9c01ea06906	Angelfish
b15021a7-f87a-59a9-b8cb-eec189daa142	Hady
b1644a66-0a99-506f-9a34-47c925605084	sirex bleu
b1714ccb-cb62-56c3-8f17-b46ace3aab13	Federmohn
b1833641-ab20-5103-a185-a34492390023	red fescue
b1a1bce2-e239-58ea-8485-276f509515cf	Queen Angel
b2172a8b-a10a-5a6d-b41c-8d29302ab596	Long-spined glass perchlet
b2b1c273-c604-57ab-a0aa-481c812650f1	Vigna Uglovataya
b39bde72-df40-5b02-afef-fdde89c340a3	Canadian Cicada
b46cd7ca-aeea-5c92-bb00-b15db1194c01	Jung jung
b523add9-de1e-5af2-8fcb-bffde13d27c3	fringecups
b53ae08d-d935-5c75-a2ae-0fba4e4b4172	Adzuki Bean
b5611297-159f-552d-8483-5949d955ab60	plume poppy
b586a5a4-4fa4-5381-881b-c10e66fbacf2	Kenari
b6465c7a-6fca-54e9-9387-d5ac4807d081	Puput bandang
b67b5dde-039c-523b-b0a1-a7930f09b9fa	Broadley’s Mud Turtle
b6888e60-1595-5b06-a0da-08ce1dbd61f5	St Lawrence serviceberry
b6b6bf48-7d9c-5966-87e2-aeaab1202475	蛇
b9030f9d-77d6-54bf-bc5a-4be6c6e1ccac	Royal Spoonbill
ba066b4b-6b51-50c2-ad12-b0ef8c38b384	爪杰克里介
ba23d977-4105-5260-ac4f-c772e6eaef3b	¿¿¿¿¿¿
ba4bc007-aa25-5771-8810-13402d6c2d35	ɔwɔ
ba586580-9137-5f81-b17b-afc56f2c1d85	Spotfin corydoras
ba6d2d40-c639-5cbe-b3ab-b0c934170c6d	Fasol Uglovataya
ba6efa00-c5cc-598a-adc6-60adfe2c7f0b	Dzu-Teh
ba899de2-c483-5e16-9f85-c5cfd67b80f4	northern cinquefoil
baab8d2c-15e5-59e5-b2b8-f6a6059de8d5	Abo-meshfa
bb43feee-1891-5eab-b1aa-48651efbdf94	Eastern Great Tit
bb979cf5-8ecd-550a-950e-30132956ef4d	Meadow Holly
bbbfd61e-7f9f-5b94-92e9-8079a96b33d9	mountain sedge
bbc8a374-43c2-59b7-8b33-d79e26347cfa	Parum-dourado
bbcad085-4c7d-5273-85af-6a20464dd8d4	石崎殼灰介
bbefb0d8-3418-5dbc-ad91-56367221c071	Da
bbf79c18-344b-579e-be90-03b3703f848d	Maming
bc36ce97-d66e-5d9a-b295-e9c27b47c287	뱀아목
bc6f0a82-8b0c-5630-afcf-ed53682f5de6	栗背岩鹨
bc945b78-2dcb-5118-b15c-ebc2ff9fe002	Palo De Cruz
bd4e0ac1-66a7-5a28-a44d-0e8f53b83011	Fitzroy River Turtle
bdf8d855-13cb-57ce-8809-51be5dd28688	Philippine Forest Rat
be2606eb-16e4-5d18-a11d-e419649abfdc	Japanese Tit
be39665f-198e-58bb-832e-611e6763a92d	Parum-amarelo
be9c514c-5b8b-5257-a4fb-ee5254c56e38	wasabe
beac196d-aa49-5084-9c2c-4d985bff98a0	Blue Angelfish
bed9511b-36ff-5124-b2fc-dfd78ff9bc02	Mora atlantycka
bf17255b-9fbd-54fc-a481-3b9644a12937	Lupu niuru di funnali
bf43da0a-6777-5075-96ab-1106365361db	Kígyók
bf623c2f-bd38-5d8c-8e41-5f7c3f63ad9f	Striped blenny
bf707979-7b6f-5d39-8249-2d73b9b418a8	エギロプス属
c03f8b12-323c-5e8d-a0f8-bb1cb037bcd6	Isabelita reina
c0435b97-c9a6-57c7-8f60-0071103c609a	Båndplettet halvnæb
c0a89811-4422-5160-a25f-af295b1dff09	Maroon backed Accentor
c0f24f62-c9e9-5398-a889-a52fe4f393d2	Waander´s Bony Lipped Barb
c167bc45-a55c-5e9f-9bb8-e1095889eaa9	western talma
c1cfcba7-e92e-567e-a7da-6e8251419417	chickenweed
c1d81e58-3cfa-59ba-8a41-d7659781b094	Fibrobàcter
c1e1fd77-8d17-5125-bc99-86781461e28a	Nefrytek krolweski
c2d5967a-8d90-547a-9cb7-b4b3067d5a7a	Cá Kìm ch?m
c3041193-fc3a-5d07-ad02-da570131e783	Regenbogen-Goodeide
c36ccb56-e978-5082-aadc-d23ea16f4e79	Morafiskur
c39130d1-6c28-5c38-8817-2cb5e3b0b596	Rei'i chamba
c3a63fc8-0246-580f-b2ec-ef59d6c8c378	Halbschnäbler
c3d6726c-7969-5488-8a76-cef06f854014	Siriw
c3e65bf8-dae4-5c57-b20e-082f34fcd351	Paru rajado
c4c590d7-301e-55af-9bc4-a767b067364a	Demoiselle royale
c4eafe68-abd2-5e80-bd8e-0e04a8a25c64	Gedeøje
c5208cf3-2f25-5fc5-bb85-cf2b00f112a8	Buloy
c547430c-6916-50f2-b3c6-4ffaf999fd63	Sýkora středoasijská
c5525b33-e217-57bf-be39-c41e0e085217	long-spined glass perchlet
c5c44c3a-d341-5fef-b094-1ed675ea86ab	Parum amarelo
c614d231-4fff-5f6d-b4fd-3121c95e783d	Mòllera moranella
c62ce374-59f9-5c94-8263-397b4fa0a879	Buroy
c6634b25-1be5-55b3-bf3b-c7d3d9319e08	Parum jandaia
c761b858-6a61-5376-b89a-ade107b98048	點兵鯰
c7da882a-376f-5261-aefc-95b3fa452524	波氏美洲鱥
c833b15d-6c55-526b-8b91-70e0c574c35e	Nga-taung-myin
c8bea009-2839-5533-a6ae-8920c5adb7ab	Black spotted cuscus
c8dc4fe2-2a38-5828-9d70-3451b115e8e1	Gefleckter Halbschnäbler
c957173c-fcf4-5f66-b136-99df6b93e588	Yams ordenen
c9d140b7-392b-531d-8edf-eac2552d51f0	barred halfbeak
cb1dfece-166b-5685-9e2e-4af780a337c3	Pacific hawksbill turtle
cb252e30-fde9-5088-aa82-4a986b2e95bb	Grey-headed Oliveback
cb7e25ae-e3b2-548d-ba93-97a2158990f1	Kuikui
cb880354-9daa-5057-a888-6dcd32f1f52f	Pärlhättemanakin
cba9efb4-4160-59b4-a812-a872fbbbcb13	Thombu
cbb1e64d-6193-540a-8a8c-46557ac1ee4b	Crantz's cinquefoil
cbb5ad89-2456-5164-9d0f-a4c0130ed2ae	Demi bec à barres noires
ccd542b5-090b-5344-a9e8-4aee562ecece	ヘビ亜目
cde1ecda-7128-5695-9e95-0e5bf565630b	點斑林鴞
cde28593-1251-5936-8d01-67b11d12ce50	Morongo desertsnail
cdf619f5-45b4-5aa4-a19e-6b1198bd2426	短絲藻
ce40b6d5-08ad-55da-9db6-fb044947ed59	Blattflöhe
ce674b61-c0f5-5422-8c8e-31d274857569	Kwikwi
ce78b7f1-b239-5529-82e0-3317ef9dd414	Serp
ce848524-ca61-59c8-aece-a1784113f7df	alpine cinquefoil
ce8d4e85-1244-586e-b2c4-04b24b87412e	Xaata
cf4ddb54-b42e-532e-8ac5-d2ce0d80fa17	cotonéaster à grappes
cf5020a6-c296-56ee-a49b-39ca73096142	Snakes
cf65c717-4ea1-525f-ba2f-1dd0980a7811	Vakokrtovití
cf9d3af1-6795-53bd-ad08-95dc0bef7bd6	博落回
d009e1a2-a640-5f52-9976-42b3346daaba	Rắn
d0d35f86-6c0c-5389-9f72-aa05a04e7f75	Shortnose boxfish
d1038702-b0c3-59ea-936e-9f0cb0da6fd3	Stöpselkopfameise
d1330251-908f-5c4b-adb5-07f1d62ea991	rockfish
d196b271-9bef-53b0-956d-ea13d26de24f	Suasid
d230c8fa-99ab-5752-a660-bc88596cc5e7	川上氏鴨舌疝
d2a2e3ef-a242-5425-93fa-663d5dd01994	Coka ilo
d3271f4c-77a6-5ab1-aa27-7fc922a4d84c	Ημμίραμφος
d33d189b-6ca9-5fd3-be02-b3d9a7f74ed0	Ula
d3f1055f-a71f-513c-84ad-bc5140677b65	Accenteur immaculé
d40f28ce-a719-5fe0-9e77-5563e614d03a	Adzuki-Bohne
d4266354-0bfb-5be2-ba1a-b7197b36652a	天目铁木
d476d594-a5e2-55ed-adf0-c4f7bbd9e81d	Pazhitnik Melovoi
d4982c33-cd12-5f50-989e-6628f24fb143	Red-rumped Agouti
d4fd33d1-542f-5b08-b43c-1f0c7e52a496	Coastal Plain Toad
d56a68ac-507a-5965-9e56-786b26c419fb	Mew Gull (American)
d581ae53-18c8-5bd7-af6c-b3f5eb0e0690	Hnok-thido
d5d0ebf9-db97-564f-9ab6-ba4e5fe2e01f	Fendler's globemallow
d5eb877f-720b-5b19-9161-830ddd84921f	Langaray
d6166787-05ae-5d53-a4d9-b2757de44344	Mery
d678a721-49b0-5e3b-ab73-11227886544c	Пробкоголовый муравей
d6dcb7ea-88ac-538b-98f0-02342ad272e8	Simon's dipodil
d736190a-769d-584b-95b7-86d611e15f76	Gyvatės
d7719f2f-e43d-5cc1-bbc1-67d267869d87	nuez pili
d7852dbe-30b3-53f7-ac8e-fbea7373ceac	Abou H'arbeh
d81a417f-c4f5-5a27-9b5e-f0090d75f17a	turtlegrass
d88023a2-c1b2-5228-9239-fca120b563be	平靜橙蝦蛄
d8d6e98a-4576-525b-a3e6-3f95524f5e88	Qaraare
d953d4fc-6a0d-5ec3-931e-622a7625f837	yellowfin cutthroat trout
d95bdfc1-1abd-5399-b582-3053cf3de57c	I'usila
d9b0a121-d945-55e5-9259-8ed6b5b5253c	purple-malva
d9c03c36-c2ce-53f2-80e2-14e86f027b4b	Yellow Tail Brook Barb
d9c72dbd-701d-58f1-9ab6-f489c86a1112	Shiny Fan Fern
d9e43d69-d230-5e7b-bbe1-3d470968da20	Phyllopsora lichen
da017115-24f0-50ca-a753-aeeead0062e9	altamaha arc-mussel
da7ae05c-ce15-56bd-96f0-9fe2cccb505e	Comb's crowngrass
da9a434a-e605-5fdf-968b-b72773792aa9	blue angelfish
daf8e0a3-91e5-522a-8272-e5d8eea4f54d	水針
db586dd4-b471-5877-a845-b726e457cc4a	Goggle-eyed cod
dbc63ea7-19eb-5c58-baec-d5e9f9247525	Small-leaf phyllopsora lichen
dca8724f-9ead-5637-aa5a-842e1cfbf8a1	Ilikyé
dcaf0702-68cb-50ca-8080-9f28bd3b2b77	Krab śnieżny
dd11aff8-55f2-5ae9-9dbe-bb0f9cea08f1	Ɛda
dd3ffc7a-ec7a-5cf3-9d90-2a812465c782	Lingwata ta' l-ghajnejn
ddb758ca-09cb-521a-a150-27c9f57f8c8a	Jelecek Potteruv
de4a9991-3b58-5fc7-8e1b-670c0c3be066	Goroshek Oranzhevyi
dedcfd17-dad7-516a-b858-fb7d495de077	Isabelita patale
df52fbb4-1317-57be-8d3e-f8968bbe7c79	Yellow angelfish
dfb259e6-2d63-5791-893d-020b4ae42c7a	Moro
dfd0e438-c7da-50f5-88de-114f1dffd89b	레바키사우루스
dfd7d816-c47b-5a22-b845-5319c85e206a	Sembeh
dfedc555-ed81-57b2-b016-c84de47514ef	tree celandine
e0107f69-d70a-509a-9cf1-97df7995042b	Berkentandvlinder
e027b83f-26be-5cb8-8f46-95de2457f43b	Pa chat hang leuang
e081aef6-6157-5e92-a730-10ed4fc6138d	brome lancéolé
e0841553-4650-5c7b-b34c-ba774fd26fe1	Small nosed boxfish
e095d8fe-2457-5226-b288-60e44e56bdf9	Widespread Maidenfern
e0a3d7c0-ac61-53c0-b819-fc5fe2357107	Торбести къртици
e124dade-2f61-5699-85c9-22f02c9c96b2	Grenatdorsa pronelo
e28aa511-fc99-5bb6-a6a9-7f7fe97c7b23	fibrous-root sedge
e2e584c2-0c11-56e4-ae0c-ce25c9e24c5e	Barred halfbeak
e33c36e9-338c-5ce0-9086-75ed8fd92fd2	Buidelmollen
e3994c03-f6f5-5cd9-b603-65a5afdfb478	Regnbuegoodeide
e434051c-6212-5ade-9dc1-62608fdfbd0d	Veined Jay
e4ea12dd-cf75-5f0c-898a-bed702797c49	Meming
e50271d9-9c94-5650-9e67-013b41b8aed0	瓦氏墨头鱼
e518092c-c5e4-5803-b187-19b85c030e1a	Serinding
e54232ca-2f9b-56de-931a-acd24c7f6189	Chub Shiner
e5628a57-1f82-57a5-a00e-df9349d8a5a6	Kunth's maiden fern
e5e61a9a-26e1-5cb4-8bcd-9e8b0ee75256	Sýkora zelenohřbetá
e63be590-1d8e-59cd-bcb1-f86ef4953bac	点兵鲶
e643ee93-5b0a-5431-8c7b-4e1f408fbc9d	董氏异鳍鱵
e683da72-5e2e-5c03-a0a4-550f387cc503	Crwbach prin
e6968526-71b8-5356-8033-a85f2528a637	¿¿¿
e69d508d-146f-5bcd-a32a-7ed62baa54ba	Pungmuldvarper
e768ef58-cce1-5bb6-aa06-195a269a9180	Spotted Wood owl
e7ccb26b-bbef-58ad-82cb-798b17258d5a	streepcitroenzweefvlieg
e7fca4b9-dc4a-5aa3-bdbf-dcc4f4185c51	Laniw
e881d320-2f62-5be5-bf62-509335adb254	გველები
e8d081b4-e7fe-564a-922b-d500643306a7	Sawasid
e8db840b-3e1c-5f74-9b4f-9f912781aeb6	Yarimgaga baligi
e961fc62-131c-5788-b9e7-ede0f6fd523a	Serpento
e99b8032-de1d-5a2b-98c5-82c8c8517669	Rufous-cheeked Laughingthrush
ea496a71-cfa6-50e4-9569-b6cfe24d6cf1	欒川盜龍
ead51f68-5c79-57ec-ba97-6880c7320021	Susay
ead8975e-35f1-5cca-92da-31edba2b13ac	Krabbenscheermot
eb503bd4-03b7-55e9-aa47-f54e15341b12	barred danio
eb885371-d2be-57dc-ac1a-484deba4179d	Burung Hantu Carik Kafan
ebed73b5-0af2-57f0-8fe3-321e806f824b	Isabelita
ec59becc-b426-59e9-aa85-7b3753548695	goodly-eyed cod
ec6526ad-7c42-53f6-8d95-fbea204b327f	Rebaquisaure
ec8cf07a-2395-5e7d-ace3-88e8602702d4	Lehekirbulised
eceb59a6-b915-5a68-ba2e-7140510198f4	Morid cod
ecf5419d-c641-5edc-b647-36ca617be710	Cowfish
ed6e4b2c-1eac-5fb6-af26-de84224d2c10	Moratorsk
ed7331f7-0193-5f4d-b311-fe63c34351e6	common mora
eda4f14e-7476-5235-a342-5df7099c6a53	Murciélago-cola peluda de Blossevilli
ee1e47cb-29b0-5429-8338-6ca2d5704047	Gwrac'hig Nepal
ee2e01ca-19b2-5346-88de-e699252decc2	Phyllopsora lichens; &nbsp; Lace-scale lichens
ee478988-603f-5168-84bc-8b0d0a40026d	Erszényesvakondok
ee81eb6d-d371-5fda-b64d-43dde9243d4d	נחשים
eec2c0bd-b9b7-5568-81d5-87ed3d71c9fa	Spotted halfbeak
efa96d9c-8f4b-5b9b-a26e-5f2882a92a13	Goz c'hodellek
f00427e4-f192-5d60-a320-1367441d3060	Ángel reina
f03e3e04-5606-5140-9472-c1d49692e19e	Serpents
f0863bea-e848-5f5e-9caa-3e1b40f74faa	¿¿¿a
f0f94162-8b9b-5410-bc4f-15b533694dd2	Зептамуканнез
f199e4db-a6de-5117-be30-9625f4c3709f	Luanchuanraptor
f2073fad-2981-5d9f-8aeb-ac0de6b65bdb	haricot adzuki
f24a9973-7ab4-5856-a10d-fbe1808a5663	Naheka, Mo‘o
f2df0e5d-a00b-5568-b847-cb696dd563ac	potentille de Crantz
f2f928b5-3949-5de1-b776-99df81ae8dbf	santal jaune
f3029fc5-7f0b-5ba1-90d8-90f19d54d5a7	Ground beetle
f37c0043-bfeb-5600-8a74-0fde7f66ac96	Pakanye
f3d48d53-6024-5b40-8082-4406ff309ccf	Jat
f4849db5-2dd8-5c28-b28b-13ba24a496a0	Fagiolo Adzuchi
f5279f6c-0b33-5bab-9763-eff277ee4276	saddled rockcod
f57c5003-4040-5e80-823c-20e36806da70	ribaldo
f5bc9dff-9b37-5484-a671-8da1155e3157	Vitögd järnsparv
f605d3b8-f836-58fd-9b82-7f6bea42855f	Djuphafsporskur
f62bfd44-8a8f-59de-b1ef-7b00fe9f27d0	Perchlet
f64f87de-1e59-53a8-835a-9b3b6dbd775d	Chub shiner
f69f2a72-86d6-5625-9b09-609db5389558	Buzia
f6ae79cd-48d3-511f-b0d0-4da69ff9b201	Keys Green June Beetle
f6e12d33-9e64-563a-ad23-f8381863310f	董氏異鰭鱵
f7a20f3c-e450-52b9-be2f-386e5edf29e0	Chameleon rockfish
f7d1b8cc-2330-522b-a457-d2bd0c5407a4	Gaka
f7ea524b-9b42-5a08-baf8-e5e838f172f2	stemless Indian parsley
f8216de0-2c2c-549a-9c60-fae1bdeedb76	Gulf Coast Toad
f8933508-df2a-5286-acb2-acb7ea8121e2	Komochi sayori
f8e9b48a-4ec5-5bbc-96af-d4c2479c9800	goatgrass
f94a164a-3505-567f-ab82-68862d977677	Moro commun
fa392b3c-16cb-528b-aadb-105e3ea94220	Gray-headed Oliveback
fa5a923e-2ef0-5792-b16f-f6d84089c50d	Sasa
fa6447c6-face-5083-813a-5562ebd7060c	Parum-jandaia
fa72751b-b3b8-5978-ba45-873683a9c9ac	Ноторикт
fb28c1f7-6c3c-536a-af73-aa4b186bb660	Sugere
fb2d7a1e-d210-5091-b6f7-3794e6ba525f	Pinoche Creek larkspur
fb436d9b-e132-5851-9578-f85e90b1e7e3	Swasid
fbb9a72d-075b-5ef1-9efb-8f4aa056589d	دلب كر
fbcfc940-4053-5a44-9a70-ec742e1e5db5	Eastern Earth Snake
fcdf2267-c214-548f-8b58-05633c5648d2	blokha
fd40378a-a75e-5f66-85d7-ef21e14edf71	pat
fd4a6c7d-9b40-5cee-b37b-3c56dbdfb40f	Ular
fd534122-319c-5bac-a1e1-a5cb36841d16	Black Garter Snake
fd584894-9486-53a2-9bd5-2850679abe37	Brea
fd6c724a-3612-5274-99ec-6affc8a7385b	Sulwi
fd8610c8-5627-5dbf-b321-5da024d89759	Mezquital goodeid
fdb33ffd-7d52-5c0e-b2f3-ce69bb0a4620	Sise
fe020812-91d7-50ef-aa6b-b4effa7fc863	Parmicka Waterlotova
fe229b13-71f0-53a8-b563-873005fa60ff	Диоскореецветные
fe5c2f0a-7e11-50a2-b924-baabbbce913c	盆唇华鲮
fe725fd4-048d-5d46-8684-60f269538469	Pistemonninen
fe997660-2bb8-5633-9bf3-c7cbf12c4ac2	Marsupial moles
fea62bd6-5f05-5ae3-ad5a-d07975986b86	Kansusuwit
ff11ff59-0807-5aa8-b4c6-c32ba3055667	Taya uipila
ff32ef53-60c0-5033-a8d3-b2b092ac866f	Pili nut
